Image,Neoplastic,Inflammatory,Connective,Dead,Epithelial
2_0.png,10,1,2,0,0
2_1.png,4,0,4,0,0
2_10.png,9,1,1,0,0
2_100.png,17,1,2,0,0
2_1000.png,24,0,0,15,0
2_1001.png,35,0,0,2,0
2_1002.png,43,2,0,0,0
2_1003.png,32,1,0,1,0
2_1004.png,112,19,9,0,0
2_1005.png,12,136,66,0,0
2_1006.png,45,6,44,0,0
2_1007.png,0,71,106,0,9
2_1008.png,1,28,8,0,0
2_1009.png,20,0,3,0,0
2_101.png,49,0,0,0,0
2_1010.png,1,3,16,0,0
2_1011.png,2,11,13,0,0
2_1012.png,0,6,7,0,0
2_1013.png,0,9,14,0,0
2_1014.png,1,8,14,0,0
2_1015.png,0,3,20,0,0
2_1016.png,0,0,0,0,0
2_1017.png,21,0,2,0,0
2_1018.png,0,76,3,0,0
2_1019.png,0,59,6,0,0
2_102.png,6,0,8,0,0
2_1020.png,0,0,11,0,3
2_1021.png,0,0,0,0,39
2_1022.png,0,0,0,0,21
2_1023.png,0,0,0,0,1
2_1024.png,0,0,0,0,4
2_1025.png,0,0,0,0,7
2_1026.png,0,1,11,0,27
2_1027.png,0,5,37,0,0
2_1028.png,0,7,35,0,11
2_1029.png,0,3,42,0,0
2_103.png,0,65,7,0,0
2_1030.png,0,2,10,0,0
2_1031.png,0,2,4,0,0
2_1032.png,0,2,8,0,0
2_1033.png,0,0,7,0,0
2_1034.png,0,0,9,0,0
2_1035.png,0,0,6,0,0
2_1036.png,0,2,5,0,0
2_1037.png,0,0,3,0,0
2_1038.png,26,0,10,0,0
2_1039.png,0,2,5,0,0
2_104.png,4,13,12,0,0
2_1040.png,27,0,2,0,0
2_1041.png,0,0,3,0,0
2_1042.png,19,3,6,0,0
2_1043.png,0,0,5,0,0
2_1044.png,0,0,14,0,0
2_1045.png,0,0,10,0,0
2_1046.png,0,0,17,0,0
2_1047.png,0,0,12,0,0
2_1048.png,0,0,11,0,0
2_1049.png,0,0,12,0,0
2_105.png,0,0,6,0,12
2_1050.png,0,0,14,0,0
2_1051.png,0,0,5,0,0
2_1052.png,0,2,16,0,0
2_1053.png,0,0,16,0,0
2_1054.png,0,0,12,0,0
2_1055.png,0,0,14,0,0
2_1056.png,0,0,11,0,0
2_1057.png,21,0,4,0,0
2_1058.png,30,0,3,0,0
2_1059.png,33,0,0,0,0
2_106.png,0,4,6,0,25
2_1060.png,30,0,2,0,0
2_1061.png,31,0,1,0,0
2_1062.png,23,2,7,11,0
2_1063.png,36,1,6,0,0
2_1064.png,27,0,2,0,0
2_1065.png,29,0,0,0,0
2_1066.png,36,0,2,0,0
2_1067.png,11,0,28,0,0
2_1068.png,25,0,8,0,0
2_1069.png,26,0,2,0,0
2_107.png,0,1,9,0,22
2_1070.png,20,0,8,0,0
2_1071.png,14,0,25,0,0
2_1072.png,16,2,12,4,0
2_1073.png,30,0,18,0,0
2_1074.png,13,0,4,9,0
2_1075.png,19,1,7,0,0
2_1076.png,0,0,0,0,0
2_1077.png,0,1,0,0,0
2_1078.png,0,0,0,0,0
2_1079.png,0,0,0,0,0
2_108.png,0,4,2,0,33
2_1080.png,0,3,0,0,0
2_1081.png,0,1,0,0,0
2_1082.png,0,1,0,0,0
2_1083.png,0,0,0,0,0
2_1084.png,0,1,0,0,0
2_1085.png,0,0,0,0,0
2_1086.png,0,3,0,0,0
2_1087.png,0,6,1,0,0
2_1088.png,0,0,0,0,0
2_1089.png,0,1,0,0,0
2_109.png,0,4,7,0,35
2_1090.png,0,1,0,0,0
2_1091.png,0,1,1,0,0
2_1092.png,0,1,0,0,0
2_1093.png,20,0,3,0,0
2_1094.png,24,1,4,0,0
2_1095.png,25,4,6,0,0
2_1096.png,29,0,1,0,0
2_1097.png,23,0,2,0,0
2_1098.png,17,1,6,0,0
2_1099.png,15,1,3,0,0
2_11.png,11,0,3,0,0
2_110.png,0,3,4,0,39
2_1100.png,12,0,3,0,0
2_1101.png,25,0,3,0,0
2_1102.png,2,0,2,0,0
2_1103.png,26,1,3,0,0
2_1104.png,22,0,1,0,0
2_1105.png,5,0,1,0,0
2_1106.png,8,1,0,0,0
2_1107.png,12,1,3,0,0
2_1108.png,11,0,3,0,0
2_1109.png,14,0,1,0,0
2_111.png,0,0,3,0,18
2_1110.png,10,0,2,0,0
2_1111.png,11,0,3,0,0
2_1112.png,10,1,0,0,0
2_1113.png,12,0,1,0,0
2_1114.png,16,0,1,0,0
2_1115.png,10,0,3,0,0
2_1116.png,6,0,4,0,0
2_1117.png,8,0,2,0,0
2_1118.png,10,0,4,0,0
2_1119.png,9,0,4,0,0
2_112.png,0,1,2,0,15
2_1120.png,10,2,2,0,0
2_1121.png,11,0,1,0,0
2_1122.png,8,0,1,0,0
2_1123.png,6,0,5,0,0
2_1124.png,11,0,0,0,0
2_1125.png,13,0,2,0,0
2_1126.png,17,0,0,0,0
2_1127.png,15,0,0,0,0
2_1128.png,11,0,1,0,0
2_1129.png,19,0,0,0,0
2_113.png,0,0,4,0,19
2_1130.png,19,0,0,0,0
2_1131.png,15,0,1,0,0
2_1132.png,12,0,0,0,0
2_1133.png,14,0,1,0,0
2_1134.png,18,0,2,0,0
2_1135.png,6,0,1,0,0
2_1136.png,10,0,1,0,0
2_1137.png,10,0,1,0,0
2_1138.png,11,0,0,0,0
2_1139.png,7,0,3,0,0
2_114.png,0,1,3,0,26
2_1140.png,7,0,1,0,0
2_1141.png,17,0,0,0,0
2_1142.png,16,0,2,0,0
2_1143.png,15,1,0,0,0
2_1144.png,15,0,0,0,0
2_1145.png,13,0,2,0,0
2_1146.png,14,0,0,0,0
2_1147.png,12,0,0,0,0
2_1148.png,11,0,0,0,0
2_1149.png,18,0,2,0,0
2_115.png,0,2,5,0,16
2_1150.png,12,1,0,0,0
2_1151.png,16,0,1,0,0
2_1152.png,8,0,0,0,0
2_1153.png,12,0,1,0,0
2_1154.png,8,1,3,0,0
2_1155.png,13,0,0,0,0
2_1156.png,8,0,7,0,0
2_1157.png,16,0,0,0,0
2_1158.png,10,1,0,0,0
2_1159.png,11,0,2,0,0
2_116.png,0,0,3,0,29
2_1160.png,16,0,5,0,0
2_1161.png,11,1,0,0,0
2_1162.png,14,0,0,0,0
2_1163.png,0,0,9,0,0
2_1164.png,0,0,9,0,0
2_1165.png,0,3,5,0,9
2_1166.png,0,13,12,0,16
2_1167.png,0,21,6,0,16
2_1168.png,0,1,2,0,13
2_1169.png,0,0,2,0,14
2_117.png,0,1,7,0,20
2_1170.png,0,0,6,0,0
2_1171.png,25,0,1,0,0
2_1172.png,7,0,8,0,0
2_1173.png,13,0,0,0,0
2_1174.png,26,0,0,0,0
2_1175.png,26,0,0,0,0
2_1176.png,14,0,6,0,0
2_1177.png,23,0,0,0,0
2_1178.png,4,0,6,0,0
2_1179.png,13,1,7,0,0
2_118.png,0,0,3,0,43
2_1180.png,5,0,8,0,0
2_1181.png,2,0,14,0,0
2_1182.png,23,0,5,0,0
2_1183.png,15,1,1,0,0
2_1184.png,11,0,2,0,0
2_1185.png,32,0,0,0,0
2_1186.png,0,0,7,0,7
2_1187.png,0,1,5,0,8
2_1188.png,0,0,3,0,11
2_1189.png,0,1,4,0,16
2_119.png,0,0,3,0,42
2_1190.png,0,0,3,0,12
2_1191.png,0,0,4,0,19
2_1192.png,0,1,4,0,18
2_1193.png,0,0,1,0,25
2_1194.png,0,0,3,0,15
2_1195.png,0,1,3,0,21
2_1196.png,0,0,3,0,11
2_1197.png,0,0,3,0,28
2_1198.png,0,0,5,0,22
2_1199.png,0,0,6,0,11
2_12.png,16,1,6,0,0
2_120.png,0,2,2,0,50
2_1200.png,0,1,3,0,30
2_1201.png,0,2,13,0,16
2_1202.png,0,1,13,0,20
2_1203.png,0,2,5,0,16
2_1204.png,0,12,6,0,26
2_1205.png,0,26,15,0,10
2_1206.png,0,10,30,0,5
2_1207.png,0,2,12,0,0
2_1208.png,0,1,19,0,0
2_1209.png,0,0,16,0,0
2_121.png,0,0,6,0,30
2_1210.png,0,2,16,0,0
2_1211.png,11,1,9,0,0
2_1212.png,10,2,1,0,0
2_1213.png,18,1,2,0,0
2_1214.png,10,0,0,0,0
2_1215.png,15,2,0,0,0
2_1216.png,15,2,7,0,0
2_1217.png,13,2,0,0,0
2_1218.png,9,0,1,0,0
2_1219.png,16,0,1,0,0
2_122.png,0,0,6,0,9
2_1220.png,11,0,0,0,0
2_1221.png,13,1,3,0,0
2_1222.png,21,0,0,0,0
2_1223.png,17,1,0,0,0
2_1224.png,17,2,0,0,0
2_1225.png,13,6,0,0,0
2_1226.png,17,7,0,0,0
2_1227.png,15,3,1,0,0
2_1228.png,17,5,11,0,0
2_1229.png,18,8,1,0,0
2_123.png,0,7,15,0,37
2_1230.png,21,8,0,0,0
2_1231.png,6,14,6,0,0
2_1232.png,16,10,1,0,0
2_1233.png,23,3,1,0,0
2_1234.png,10,14,11,0,0
2_1235.png,11,14,3,0,0
2_1236.png,36,0,0,0,0
2_1237.png,65,0,0,0,0
2_1238.png,52,0,3,1,0
2_1239.png,0,17,1,0,0
2_124.png,0,0,8,0,28
2_1240.png,11,10,3,0,0
2_1241.png,69,0,0,5,0
2_1242.png,48,0,1,1,0
2_1243.png,2,8,6,0,0
2_1244.png,56,0,2,0,0
2_1245.png,0,20,6,0,0
2_1246.png,15,12,1,0,0
2_1247.png,1,20,4,0,0
2_1248.png,8,1,8,0,0
2_1249.png,4,3,10,0,0
2_125.png,0,2,6,0,34
2_1250.png,12,1,2,0,0
2_1251.png,7,0,1,0,0
2_1252.png,8,4,1,0,0
2_1253.png,13,0,2,0,0
2_1254.png,10,0,4,0,0
2_1255.png,4,3,6,0,0
2_1256.png,9,1,2,0,0
2_1257.png,13,4,4,0,0
2_1258.png,10,1,8,0,0
2_1259.png,15,3,3,0,0
2_126.png,0,0,7,0,24
2_1260.png,10,1,3,0,0
2_1261.png,8,2,4,0,0
2_1262.png,9,3,7,0,0
2_1263.png,3,2,6,0,0
2_1264.png,6,1,7,0,0
2_1265.png,5,2,4,0,0
2_1266.png,0,0,2,0,0
2_1267.png,1,3,4,0,0
2_1268.png,3,3,10,0,0
2_1269.png,17,5,5,0,0
2_127.png,0,1,6,0,30
2_1270.png,18,0,0,0,0
2_1271.png,14,0,1,0,0
2_1272.png,17,0,0,0,0
2_1273.png,13,0,0,0,0
2_1274.png,10,0,1,0,0
2_1275.png,19,0,1,0,0
2_1276.png,8,0,1,0,0
2_1277.png,20,0,3,0,0
2_1278.png,21,0,0,0,0
2_1279.png,16,0,0,0,0
2_128.png,0,0,11,0,5
2_1280.png,9,0,1,0,0
2_1281.png,20,0,0,0,0
2_1282.png,13,0,0,0,0
2_1283.png,18,0,1,0,0
2_1284.png,17,0,2,0,0
2_1285.png,14,0,1,0,0
2_1286.png,16,0,0,0,0
2_1287.png,17,2,8,0,0
2_1288.png,18,2,0,0,0
2_1289.png,0,8,6,0,0
2_129.png,0,0,4,0,46
2_1290.png,26,3,1,0,0
2_1291.png,0,0,12,0,0
2_1292.png,0,1,8,0,0
2_1293.png,0,5,17,0,0
2_1294.png,5,6,14,0,0
2_1295.png,0,7,7,0,0
2_1296.png,0,3,16,0,0
2_1297.png,0,1,5,0,18
2_1298.png,0,0,3,0,22
2_1299.png,0,1,7,0,52
2_13.png,4,0,7,0,0
2_130.png,7,1,4,0,0
2_1300.png,0,0,1,0,5
2_1301.png,0,1,8,0,14
2_1302.png,0,4,25,0,7
2_1303.png,0,3,0,0,6
2_1304.png,0,4,16,0,16
2_1305.png,0,6,19,0,0
2_1306.png,0,1,8,0,15
2_1307.png,0,0,0,0,0
2_1308.png,0,1,5,0,27
2_1309.png,0,0,11,0,24
2_131.png,12,0,2,0,0
2_1310.png,0,4,13,0,16
2_1311.png,0,9,24,0,0
2_1312.png,0,0,0,0,15
2_1313.png,0,2,5,0,0
2_1314.png,0,2,20,0,15
2_1315.png,9,1,10,0,0
2_1316.png,2,0,13,0,0
2_1317.png,17,2,10,0,0
2_1318.png,3,3,10,0,0
2_1319.png,3,3,15,0,0
2_132.png,0,2,1,0,26
2_1320.png,4,0,8,0,0
2_1321.png,0,0,6,0,0
2_1322.png,12,0,11,0,0
2_1323.png,9,0,14,0,0
2_1324.png,47,0,0,0,0
2_1325.png,47,0,3,0,0
2_1326.png,38,0,2,0,0
2_1327.png,49,0,2,0,0
2_1328.png,38,0,8,0,0
2_1329.png,5,1,8,0,0
2_133.png,0,0,0,0,47
2_1330.png,10,0,13,0,0
2_1331.png,8,0,11,0,0
2_1332.png,3,9,15,0,0
2_1333.png,21,9,5,0,0
2_1334.png,0,3,22,0,0
2_1335.png,39,0,2,0,0
2_1336.png,35,6,2,0,0
2_1337.png,0,27,17,0,0
2_1338.png,24,6,5,0,0
2_1339.png,39,2,0,0,0
2_134.png,0,0,5,0,22
2_1340.png,19,24,6,0,0
2_1341.png,0,28,21,0,0
2_1342.png,0,3,30,0,0
2_1343.png,36,0,0,0,0
2_1344.png,0,49,9,0,0
2_1345.png,7,2,17,0,0
2_1346.png,6,7,14,0,0
2_1347.png,17,4,9,0,0
2_1348.png,34,1,2,0,0
2_1349.png,6,5,9,0,0
2_135.png,0,2,8,0,14
2_1350.png,0,20,21,0,36
2_1351.png,0,6,16,0,38
2_1352.png,0,52,30,0,12
2_1353.png,0,20,17,0,29
2_1354.png,0,1,4,0,8
2_1355.png,106,0,0,0,0
2_1356.png,41,3,4,0,0
2_1357.png,38,1,0,75,0
2_1358.png,30,0,0,57,0
2_1359.png,0,0,0,0,5
2_136.png,0,0,0,0,25
2_1360.png,0,28,28,0,19
2_1361.png,0,0,0,0,3
2_1362.png,0,8,20,0,13
2_1363.png,0,11,13,0,12
2_1364.png,0,2,2,0,0
2_1365.png,0,61,86,0,0
2_1366.png,37,0,5,0,0
2_1367.png,43,1,1,0,0
2_1368.png,51,1,31,0,0
2_1369.png,27,10,39,0,0
2_137.png,0,0,1,0,35
2_1370.png,59,11,28,0,0
2_1371.png,16,3,37,0,0
2_1372.png,0,4,24,0,0
2_1373.png,0,2,20,0,0
2_1374.png,0,1,19,0,0
2_1375.png,14,0,0,9,0
2_1376.png,11,0,18,0,0
2_1377.png,23,0,2,3,0
2_1378.png,32,0,2,5,0
2_1379.png,23,0,1,2,0
2_138.png,9,6,3,0,0
2_1380.png,28,0,0,2,0
2_1381.png,24,0,0,7,0
2_1382.png,10,22,38,0,0
2_1383.png,23,17,32,0,0
2_1384.png,13,3,34,0,0
2_1385.png,0,25,4,0,0
2_1386.png,0,10,14,0,0
2_1387.png,0,5,26,0,0
2_1388.png,0,4,13,0,0
2_1389.png,0,4,9,0,0
2_139.png,9,5,0,0,0
2_1390.png,0,7,19,0,0
2_1391.png,0,9,0,0,0
2_1392.png,0,0,5,0,0
2_1393.png,25,0,0,0,0
2_1394.png,0,8,11,0,0
2_1395.png,0,5,17,0,0
2_1396.png,0,9,37,0,0
2_1397.png,0,7,21,0,0
2_1398.png,29,0,0,0,0
2_1399.png,28,0,1,0,0
2_14.png,5,3,2,0,0
2_140.png,1,8,9,0,0
2_1400.png,32,2,5,0,0
2_1401.png,25,1,2,0,0
2_1402.png,26,4,0,0,0
2_1403.png,0,3,3,0,0
2_1404.png,0,3,14,0,0
2_1405.png,0,1,0,0,0
2_1406.png,0,0,17,0,0
2_1407.png,0,1,2,0,0
2_1408.png,15,0,0,0,0
2_1409.png,14,0,0,0,0
2_141.png,7,14,3,0,0
2_1410.png,13,3,2,0,0
2_1411.png,16,0,0,0,0
2_1412.png,6,0,0,0,0
2_1413.png,8,0,0,0,0
2_1414.png,9,0,0,0,0
2_1415.png,24,0,0,0,0
2_1416.png,18,1,0,0,0
2_1417.png,22,0,1,0,0
2_1418.png,17,0,0,0,0
2_1419.png,16,0,0,0,0
2_142.png,7,15,9,0,0
2_1420.png,0,0,0,0,3
2_1421.png,0,0,0,0,5
2_1422.png,0,0,0,0,4
2_1423.png,0,0,0,0,6
2_1424.png,0,0,2,0,5
2_1425.png,0,0,0,0,6
2_1426.png,0,0,2,0,2
2_1427.png,0,0,1,0,1
2_1428.png,0,0,1,0,2
2_1429.png,0,0,7,0,0
2_143.png,0,0,6,0,0
2_1430.png,0,0,2,0,0
2_1431.png,0,2,8,0,0
2_1432.png,0,0,4,0,0
2_1433.png,11,0,0,0,0
2_1434.png,8,0,0,0,0
2_1435.png,9,0,0,0,0
2_1436.png,17,1,1,0,0
2_1437.png,1,0,3,0,0
2_1438.png,0,0,0,0,0
2_1439.png,16,0,1,0,0
2_144.png,0,0,8,0,9
2_1440.png,24,1,1,0,0
2_1441.png,9,0,5,0,0
2_1442.png,3,0,5,0,0
2_1443.png,16,2,0,0,0
2_1444.png,5,3,0,0,0
2_1445.png,3,5,4,0,0
2_1446.png,6,6,4,0,0
2_1447.png,9,5,3,0,0
2_1448.png,16,0,7,0,0
2_1449.png,13,1,6,0,0
2_145.png,0,1,10,0,9
2_1450.png,24,1,4,0,0
2_1451.png,14,0,2,0,0
2_1452.png,9,0,6,0,0
2_1453.png,11,2,5,0,0
2_1454.png,21,0,3,0,0
2_1455.png,1,6,5,0,0
2_1456.png,0,10,3,0,0
2_1457.png,0,2,2,0,0
2_1458.png,0,12,3,5,0
2_1459.png,0,2,9,0,0
2_146.png,0,0,0,0,50
2_1460.png,0,1,0,0,0
2_1461.png,1,0,0,0,0
2_1462.png,0,1,1,0,0
2_1463.png,1,3,5,0,0
2_1464.png,1,1,11,0,0
2_1465.png,3,2,5,0,0
2_1466.png,1,0,0,0,0
2_1467.png,12,1,5,0,0
2_1468.png,0,0,3,0,0
2_1469.png,0,0,2,0,0
2_147.png,0,0,2,0,44
2_1470.png,0,0,5,0,0
2_1471.png,0,0,2,0,0
2_1472.png,0,0,2,0,0
2_1473.png,0,7,25,0,2
2_1474.png,0,14,24,0,0
2_1475.png,0,7,20,0,6
2_1476.png,0,0,6,0,0
2_1477.png,0,0,10,0,0
2_1478.png,1,1,8,0,0
2_1479.png,4,3,15,0,0
2_148.png,0,2,5,0,27
2_1480.png,0,0,4,0,0
2_1481.png,2,4,12,0,0
2_1482.png,15,0,1,0,0
2_1483.png,3,0,5,0,0
2_1484.png,3,2,19,0,0
2_1485.png,0,0,23,0,0
2_1486.png,5,4,13,0,0
2_1487.png,0,1,7,0,0
2_1488.png,0,0,13,0,0
2_1489.png,0,1,3,0,7
2_149.png,0,1,2,0,22
2_1490.png,0,4,2,0,6
2_1491.png,0,3,2,0,16
2_1492.png,0,1,1,0,13
2_1493.png,0,4,7,0,9
2_1494.png,0,12,5,0,0
2_1495.png,0,0,5,0,0
2_1496.png,0,0,4,0,0
2_1497.png,0,0,9,0,0
2_1498.png,0,0,4,0,0
2_1499.png,0,0,10,0,0
2_15.png,9,0,8,0,0
2_150.png,0,0,3,0,42
2_1500.png,0,3,6,0,0
2_1501.png,16,1,21,0,0
2_1502.png,32,0,9,0,0
2_1503.png,20,1,8,0,0
2_1504.png,33,0,5,0,0
2_1505.png,32,0,4,0,0
2_1506.png,0,0,0,0,0
2_1507.png,0,0,0,0,0
2_1508.png,0,0,0,0,0
2_1509.png,0,0,0,0,0
2_151.png,1,0,2,0,0
2_1510.png,0,0,0,0,0
2_1511.png,0,0,0,0,0
2_1512.png,12,18,7,0,0
2_1513.png,9,13,14,0,0
2_1514.png,2,16,22,0,0
2_1515.png,27,3,1,0,0
2_1516.png,17,8,7,0,0
2_1517.png,23,0,5,0,0
2_1518.png,0,0,0,0,0
2_1519.png,0,0,0,0,0
2_152.png,4,0,3,0,0
2_1520.png,0,13,20,0,0
2_1521.png,0,0,2,0,0
2_1522.png,0,0,2,0,0
2_1523.png,0,0,0,0,0
2_1524.png,12,3,2,0,0
2_1525.png,0,26,10,0,0
2_1526.png,11,0,1,0,0
2_1527.png,0,40,17,0,0
2_1528.png,4,50,17,0,0
2_1529.png,0,59,10,0,0
2_153.png,1,0,5,0,0
2_1530.png,0,37,23,0,0
2_1531.png,0,38,12,0,0
2_1532.png,15,0,3,0,0
2_1533.png,21,0,3,0,0
2_1534.png,12,4,4,0,0
2_1535.png,9,2,7,0,0
2_1536.png,1,5,13,0,0
2_1537.png,0,7,15,0,0
2_1538.png,1,17,12,0,0
2_1539.png,0,19,16,0,0
2_154.png,3,0,1,0,0
2_1540.png,0,22,25,0,0
2_1541.png,0,17,27,0,0
2_1542.png,0,48,18,0,0
2_1543.png,1,19,14,0,0
2_1544.png,0,16,19,0,0
2_1545.png,1,8,18,0,0
2_1546.png,3,26,12,0,0
2_1547.png,0,6,16,0,0
2_1548.png,0,11,11,0,0
2_1549.png,0,4,8,0,0
2_155.png,3,0,0,0,0
2_1550.png,0,0,8,0,15
2_1551.png,0,0,4,0,18
2_1552.png,0,1,12,0,0
2_1553.png,13,0,6,0,0
2_1554.png,20,0,10,0,0
2_1555.png,8,0,22,0,0
2_1556.png,21,0,3,0,0
2_1557.png,17,1,6,0,0
2_1558.png,15,2,5,0,0
2_1559.png,10,0,3,0,0
2_156.png,0,1,0,0,0
2_1560.png,10,1,25,0,0
2_1561.png,2,5,31,0,0
2_1562.png,12,4,21,0,0
2_1563.png,0,1,10,0,0
2_1564.png,0,6,4,0,0
2_1565.png,2,6,14,0,0
2_1566.png,0,0,0,0,0
2_1567.png,0,0,0,0,0
2_1568.png,0,0,0,0,0
2_1569.png,0,0,0,0,0
2_157.png,0,4,11,0,15
2_1570.png,0,0,0,0,0
2_1571.png,0,0,0,0,0
2_1572.png,0,0,0,0,0
2_1573.png,0,2,29,0,0
2_1574.png,0,0,14,0,0
2_1575.png,0,0,22,0,0
2_1576.png,0,0,20,0,0
2_1577.png,0,1,22,0,0
2_1578.png,0,0,26,0,0
2_1579.png,0,0,16,0,0
2_158.png,0,1,3,0,0
2_1580.png,31,0,0,0,0
2_1581.png,28,0,1,0,0
2_1582.png,12,1,10,0,0
2_1583.png,25,0,1,0,0
2_1584.png,29,0,0,0,0
2_1585.png,23,0,0,0,0
2_1586.png,26,1,2,0,0
2_1587.png,31,0,1,0,0
2_1588.png,21,2,13,0,0
2_1589.png,23,0,6,0,0
2_159.png,2,0,3,0,0
2_1590.png,30,1,0,0,0
2_1591.png,32,0,0,0,0
2_1592.png,29,0,0,0,0
2_1593.png,27,0,0,0,0
2_1594.png,31,1,0,0,0
2_1595.png,0,0,18,0,0
2_1596.png,0,1,11,0,0
2_1597.png,0,1,14,0,0
2_1598.png,0,0,14,0,0
2_1599.png,0,0,21,0,0
2_16.png,12,2,1,0,0
2_160.png,0,0,6,0,0
2_1600.png,0,0,18,0,0
2_1601.png,0,0,13,0,0
2_1602.png,0,2,16,0,0
2_1603.png,0,0,13,0,0
2_1604.png,0,0,9,0,0
2_1605.png,0,0,9,0,0
2_1606.png,0,0,10,0,0
2_1607.png,0,0,3,0,0
2_1608.png,0,0,6,0,0
2_1609.png,0,0,5,0,0
2_161.png,2,0,2,0,0
2_1610.png,0,0,12,0,0
2_1611.png,0,0,0,0,0
2_1612.png,0,0,1,0,0
2_1613.png,0,1,6,0,8
2_1614.png,0,0,4,0,32
2_1615.png,0,1,4,0,0
2_1616.png,0,0,7,0,1
2_1617.png,0,0,7,0,0
2_1618.png,10,1,9,0,0
2_1619.png,7,3,17,0,0
2_162.png,0,0,5,0,0
2_1620.png,0,5,17,0,0
2_1621.png,0,0,12,0,0
2_1622.png,45,0,0,0,0
2_1623.png,18,1,8,0,0
2_1624.png,26,0,10,0,0
2_1625.png,42,0,1,0,0
2_1626.png,13,7,10,0,0
2_1627.png,3,5,17,0,0
2_1628.png,18,0,0,0,0
2_1629.png,20,0,0,0,0
2_163.png,0,3,11,0,25
2_1630.png,25,0,0,0,0
2_1631.png,15,1,0,0,0
2_1632.png,16,0,0,0,0
2_1633.png,26,0,0,0,0
2_1634.png,25,0,1,0,0
2_1635.png,0,0,0,0,0
2_1636.png,0,0,0,0,0
2_1637.png,21,0,0,0,0
2_1638.png,16,0,0,0,0
2_1639.png,20,0,3,0,0
2_164.png,0,2,7,0,17
2_1640.png,0,1,6,0,0
2_1641.png,0,0,3,0,0
2_1642.png,0,1,11,0,0
2_1643.png,0,1,6,0,0
2_1644.png,0,1,9,0,0
2_1645.png,0,0,0,0,0
2_1646.png,0,0,0,0,0
2_1647.png,0,0,0,0,0
2_1648.png,0,0,0,0,0
2_1649.png,80,1,7,0,0
2_165.png,0,1,17,0,0
2_1650.png,71,0,10,0,0
2_1651.png,85,0,6,0,0
2_1652.png,21,0,6,0,0
2_1653.png,18,0,20,0,0
2_1654.png,15,1,21,0,0
2_1655.png,20,2,8,0,0
2_1656.png,7,1,25,0,0
2_1657.png,24,1,15,0,0
2_1658.png,13,0,15,0,0
2_1659.png,13,3,8,0,0
2_166.png,0,0,3,0,57
2_1660.png,31,1,7,0,0
2_1661.png,9,0,10,0,0
2_1662.png,24,0,5,0,0
2_1663.png,25,1,3,0,0
2_1664.png,0,0,0,0,0
2_1665.png,0,0,0,0,0
2_1666.png,0,0,0,0,0
2_1667.png,0,0,0,0,0
2_1668.png,0,0,0,0,0
2_1669.png,0,0,0,0,0
2_167.png,0,2,6,0,41
2_1670.png,0,0,0,0,0
2_1671.png,38,0,0,0,0
2_1672.png,45,1,0,0,0
2_1673.png,68,1,0,0,0
2_1674.png,38,2,13,0,0
2_1675.png,17,11,9,0,0
2_1676.png,19,1,16,0,0
2_1677.png,2,5,30,0,0
2_1678.png,36,1,0,0,0
2_1679.png,0,0,14,0,0
2_168.png,0,4,10,0,41
2_1680.png,0,0,3,0,0
2_1681.png,22,1,0,0,0
2_1682.png,39,1,0,0,0
2_1683.png,30,0,0,0,0
2_1684.png,28,8,0,0,0
2_1685.png,27,14,3,0,0
2_1686.png,29,1,1,0,0
2_1687.png,33,8,2,0,0
2_1688.png,32,2,1,0,0
2_1689.png,26,4,2,0,0
2_169.png,0,1,1,0,54
2_1690.png,24,11,4,0,0
2_1691.png,31,5,3,0,0
2_1692.png,0,25,23,0,0
2_1693.png,0,0,30,0,0
2_1694.png,0,56,10,0,0
2_1695.png,3,59,16,0,0
2_1696.png,41,0,0,0,0
2_1697.png,53,0,0,0,0
2_1698.png,53,0,0,0,0
2_1699.png,42,0,0,0,0
2_17.png,17,0,0,0,0
2_170.png,0,0,11,0,29
2_1700.png,38,0,0,0,0
2_1701.png,0,0,0,0,7
2_1702.png,0,5,4,0,12
2_1703.png,0,2,5,0,12
2_1704.png,0,2,2,0,12
2_1705.png,0,0,3,0,19
2_1706.png,0,0,2,0,9
2_1707.png,0,4,4,0,22
2_1708.png,0,0,1,0,11
2_1709.png,0,7,7,0,3
2_171.png,0,0,12,0,56
2_1710.png,0,7,3,0,9
2_1711.png,0,10,7,0,7
2_1712.png,0,6,3,0,11
2_1713.png,0,10,3,0,11
2_1714.png,0,0,0,0,8
2_1715.png,0,6,5,0,10
2_1716.png,0,10,5,0,6
2_1717.png,0,0,1,0,9
2_1718.png,0,4,4,0,9
2_1719.png,0,0,1,0,7
2_172.png,0,3,9,0,29
2_1720.png,0,4,5,0,10
2_1721.png,0,4,7,0,10
2_1722.png,0,17,3,0,5
2_1723.png,0,0,6,0,11
2_1724.png,0,0,10,0,12
2_1725.png,1,12,8,0,1
2_1726.png,0,14,11,0,0
2_1727.png,0,15,11,0,2
2_1728.png,0,16,7,0,0
2_1729.png,0,0,0,0,2
2_173.png,0,4,9,0,37
2_1730.png,12,7,6,1,2
2_1731.png,35,0,0,0,0
2_1732.png,0,20,3,0,0
2_1733.png,0,15,3,0,0
2_1734.png,0,1,1,0,21
2_1735.png,0,9,16,0,2
2_1736.png,0,5,3,0,7
2_1737.png,0,0,5,0,17
2_1738.png,0,5,14,0,6
2_1739.png,0,0,0,0,13
2_174.png,0,0,6,0,28
2_1740.png,0,6,5,0,7
2_1741.png,0,0,1,0,10
2_1742.png,0,0,0,0,21
2_1743.png,0,0,0,0,0
2_1744.png,1,0,0,0,0
2_1745.png,7,1,2,0,0
2_1746.png,2,1,2,0,11
2_1747.png,0,0,1,0,4
2_1748.png,0,0,4,0,10
2_1749.png,0,1,7,0,0
2_175.png,0,1,1,0,63
2_1750.png,0,0,9,0,0
2_1751.png,0,0,2,0,0
2_1752.png,0,0,1,0,0
2_1753.png,0,0,2,0,0
2_1754.png,0,0,8,0,0
2_1755.png,0,0,3,0,0
2_1756.png,0,0,3,0,9
2_1757.png,0,0,0,0,0
2_1758.png,0,0,0,0,7
2_1759.png,0,0,7,0,0
2_176.png,0,1,2,0,41
2_1760.png,9,0,0,0,0
2_1761.png,0,0,0,0,11
2_1762.png,0,3,4,0,18
2_1763.png,0,0,1,0,20
2_1764.png,0,10,9,0,5
2_1765.png,0,1,4,0,9
2_1766.png,0,3,4,0,8
2_1767.png,0,6,5,0,7
2_1768.png,0,13,4,0,7
2_1769.png,0,0,4,0,3
2_177.png,0,0,5,0,30
2_1770.png,0,3,6,0,10
2_1771.png,0,2,5,0,21
2_1772.png,0,0,3,0,18
2_1773.png,0,0,1,0,15
2_1774.png,0,2,4,0,10
2_1775.png,0,0,0,0,9
2_1776.png,0,0,0,0,6
2_1777.png,0,0,0,0,0
2_1778.png,0,0,4,0,0
2_1779.png,0,0,0,0,0
2_178.png,0,0,7,0,4
2_1780.png,0,0,0,0,0
2_1781.png,0,0,8,0,0
2_1782.png,0,0,0,0,24
2_1783.png,0,1,0,0,50
2_1784.png,0,0,0,0,2
2_1785.png,0,1,13,0,4
2_1786.png,0,2,3,0,14
2_1787.png,0,5,11,0,20
2_1788.png,0,4,15,0,5
2_1789.png,0,1,14,0,7
2_179.png,0,1,7,0,14
2_1790.png,0,0,10,0,10
2_1791.png,0,1,0,0,8
2_1792.png,0,2,10,0,11
2_1793.png,0,0,0,0,29
2_1794.png,0,2,24,0,4
2_1795.png,0,0,7,0,20
2_1796.png,0,0,3,0,7
2_1797.png,0,0,0,0,0
2_1798.png,0,3,19,0,3
2_1799.png,0,6,11,0,0
2_18.png,4,3,3,0,0
2_180.png,0,4,8,0,10
2_1800.png,0,0,2,0,7
2_1801.png,0,1,15,0,0
2_1802.png,0,4,12,0,11
2_1803.png,0,0,0,0,0
2_1804.png,0,0,0,0,0
2_1805.png,0,0,0,0,0
2_1806.png,0,2,3,0,7
2_1807.png,0,14,2,0,8
2_1808.png,0,9,5,0,10
2_1809.png,0,0,0,0,1
2_181.png,0,0,1,0,15
2_1810.png,0,5,1,0,11
2_1811.png,0,12,1,0,17
2_1812.png,0,2,7,0,8
2_1813.png,0,7,4,0,10
2_1814.png,0,0,4,0,17
2_1815.png,0,11,3,0,8
2_1816.png,0,8,2,0,12
2_1817.png,0,7,4,0,12
2_1818.png,0,11,3,0,8
2_1819.png,0,15,5,0,4
2_182.png,0,1,0,0,41
2_1820.png,0,8,7,0,6
2_1821.png,0,8,1,0,7
2_1822.png,0,5,2,0,11
2_1823.png,0,0,0,0,2
2_1824.png,0,0,0,0,5
2_1825.png,0,9,3,0,4
2_1826.png,0,15,0,0,2
2_1827.png,0,11,3,0,14
2_1828.png,0,11,4,0,8
2_1829.png,0,2,7,0,6
2_183.png,0,2,3,0,29
2_1830.png,0,0,2,0,12
2_1831.png,0,1,0,0,9
2_1832.png,0,0,0,0,0
2_1833.png,0,0,0,0,0
2_1834.png,0,0,0,0,0
2_1835.png,0,0,0,0,0
2_1836.png,0,0,0,0,0
2_1837.png,0,0,0,0,0
2_1838.png,0,0,0,0,0
2_1839.png,0,0,0,0,0
2_184.png,0,0,6,0,18
2_1840.png,0,0,0,0,0
2_1841.png,0,0,0,0,0
2_1842.png,0,0,0,0,0
2_1843.png,0,0,0,0,0
2_1844.png,0,0,0,0,0
2_1845.png,0,0,0,0,0
2_1846.png,0,0,0,0,0
2_1847.png,0,0,0,0,0
2_1848.png,0,0,0,0,0
2_1849.png,0,0,0,0,0
2_185.png,2,0,5,0,0
2_1850.png,0,0,0,0,0
2_1851.png,0,0,0,0,0
2_1852.png,0,0,0,0,0
2_1853.png,0,0,0,0,0
2_1854.png,0,0,0,0,0
2_1855.png,0,0,0,0,0
2_1856.png,0,0,0,0,0
2_1857.png,0,0,0,0,0
2_1858.png,0,0,0,0,0
2_1859.png,0,0,0,0,0
2_186.png,18,0,4,0,0
2_1860.png,0,0,0,0,0
2_1861.png,0,0,0,0,0
2_1862.png,0,0,0,0,0
2_1863.png,3,12,1,0,8
2_1864.png,0,14,1,0,12
2_1865.png,0,4,0,0,5
2_1866.png,0,9,5,0,4
2_1867.png,0,17,3,0,5
2_1868.png,0,4,2,0,15
2_1869.png,0,15,7,0,2
2_187.png,3,0,5,0,0
2_1870.png,0,2,1,0,7
2_1871.png,0,9,0,0,12
2_1872.png,0,32,2,0,2
2_1873.png,0,24,0,0,10
2_1874.png,0,23,2,0,9
2_1875.png,0,14,4,0,0
2_1876.png,0,15,0,0,12
2_1877.png,0,17,0,0,12
2_1878.png,0,1,0,0,1
2_1879.png,0,19,1,0,0
2_188.png,0,0,8,0,0
2_1880.png,0,13,13,0,2
2_1881.png,0,6,6,0,3
2_1882.png,0,2,8,0,7
2_1883.png,0,11,11,0,0
2_1884.png,0,0,0,0,13
2_1885.png,0,0,0,0,4
2_1886.png,0,1,2,0,11
2_1887.png,0,6,11,0,0
2_1888.png,0,0,3,0,8
2_1889.png,0,0,0,0,7
2_189.png,7,1,7,0,0
2_1890.png,0,5,10,0,2
2_1891.png,0,1,1,0,11
2_1892.png,0,1,0,0,10
2_1893.png,0,0,0,0,13
2_1894.png,0,0,0,0,0
2_1895.png,0,4,7,0,7
2_1896.png,0,0,0,0,0
2_1897.png,0,0,0,0,0
2_1898.png,0,1,16,0,0
2_1899.png,0,4,25,0,0
2_19.png,7,0,2,0,0
2_190.png,0,0,7,0,3
2_1900.png,0,0,4,0,0
2_1901.png,0,0,6,0,0
2_1902.png,0,0,14,0,0
2_1903.png,0,0,11,0,0
2_1904.png,0,0,12,0,0
2_1905.png,0,0,10,0,0
2_1906.png,0,0,6,0,0
2_1907.png,0,0,8,0,0
2_1908.png,0,4,10,0,0
2_1909.png,0,1,12,0,0
2_191.png,0,0,6,0,21
2_1910.png,0,0,8,0,0
2_1911.png,0,0,8,0,0
2_1912.png,0,0,16,0,0
2_1913.png,0,0,21,0,0
2_1914.png,0,0,25,0,0
2_1915.png,0,3,10,0,0
2_1916.png,0,0,15,0,0
2_1917.png,0,0,16,0,0
2_1918.png,0,0,1,0,8
2_1919.png,0,0,2,0,9
2_192.png,0,2,6,0,22
2_1920.png,0,0,9,0,11
2_1921.png,0,2,4,0,8
2_1922.png,0,0,0,0,13
2_1923.png,0,1,5,0,12
2_1924.png,0,1,18,0,2
2_1925.png,0,2,13,0,0
2_1926.png,0,2,16,0,0
2_1927.png,0,0,17,0,6
2_1928.png,0,0,8,0,8
2_1929.png,0,0,0,0,6
2_193.png,0,0,2,0,40
2_1930.png,0,0,2,0,23
2_1931.png,0,1,12,0,11
2_1932.png,0,0,1,0,20
2_1933.png,0,0,8,0,17
2_1934.png,0,1,4,0,14
2_1935.png,0,1,12,0,8
2_1936.png,0,1,12,0,1
2_1937.png,0,0,3,0,5
2_1938.png,0,0,3,0,1
2_1939.png,26,1,0,0,0
2_194.png,0,1,1,0,55
2_1940.png,27,0,0,0,0
2_1941.png,32,0,0,0,0
2_1942.png,4,0,0,18,0
2_1943.png,18,0,0,0,0
2_1944.png,3,1,0,24,0
2_1945.png,28,6,0,0,0
2_1946.png,18,0,0,0,0
2_1947.png,5,15,17,0,0
2_1948.png,14,2,9,0,0
2_1949.png,8,1,10,0,0
2_195.png,0,0,6,0,1
2_1950.png,3,3,7,0,0
2_1951.png,31,2,0,0,0
2_1952.png,26,1,0,0,0
2_1953.png,21,3,1,0,0
2_1954.png,23,2,0,0,0
2_1955.png,23,0,0,0,0
2_1956.png,33,1,0,0,0
2_1957.png,47,3,0,0,0
2_1958.png,26,1,4,0,0
2_1959.png,19,0,4,0,0
2_196.png,0,0,7,0,26
2_1960.png,47,4,0,0,0
2_1961.png,16,2,7,0,0
2_1962.png,1,0,18,0,0
2_1963.png,0,0,14,0,0
2_1964.png,16,7,0,0,0
2_1965.png,11,2,6,6,0
2_1966.png,14,2,4,5,0
2_1967.png,0,0,1,33,0
2_1968.png,16,3,10,0,0
2_1969.png,19,1,6,0,0
2_197.png,0,0,4,0,9
2_1970.png,17,1,6,0,0
2_1971.png,14,0,5,0,0
2_1972.png,20,0,4,0,0
2_1973.png,0,3,16,0,0
2_1974.png,0,1,18,0,0
2_1975.png,0,4,19,0,0
2_1976.png,0,2,20,0,0
2_1977.png,0,4,14,0,0
2_1978.png,3,5,5,0,0
2_1979.png,0,4,18,0,0
2_198.png,0,2,9,0,27
2_1980.png,0,5,20,0,0
2_1981.png,0,0,17,0,0
2_1982.png,0,0,22,0,0
2_1983.png,0,0,9,0,0
2_1984.png,0,0,6,0,0
2_1985.png,0,0,17,0,0
2_1986.png,0,0,25,0,0
2_1987.png,0,0,0,0,0
2_1988.png,0,0,0,0,0
2_1989.png,0,0,0,0,0
2_199.png,0,2,3,0,9
2_1990.png,0,0,0,0,0
2_1991.png,0,0,0,0,0
2_1992.png,0,0,0,0,0
2_1993.png,17,1,0,0,0
2_1994.png,16,1,7,0,0
2_1995.png,2,1,17,0,0
2_1996.png,20,0,2,0,0
2_1997.png,17,2,1,0,0
2_1998.png,18,0,2,0,0
2_1999.png,16,0,2,0,0
2_2.png,3,1,7,0,0
2_20.png,10,0,0,0,0
2_200.png,0,1,9,0,13
2_2000.png,20,0,2,0,0
2_2001.png,0,0,12,0,0
2_2002.png,0,0,24,0,0
2_2003.png,0,1,12,0,0
2_2004.png,0,0,26,0,0
2_2005.png,22,0,3,0,0
2_2006.png,10,2,19,0,0
2_2007.png,0,10,13,0,0
2_2008.png,14,6,9,0,0
2_2009.png,0,13,20,0,0
2_201.png,0,0,7,0,1
2_2010.png,6,8,20,0,0
2_2011.png,0,0,1,0,0
2_2012.png,3,46,4,0,0
2_2013.png,6,55,0,0,0
2_2014.png,16,30,2,0,0
2_2015.png,10,0,0,0,0
2_2016.png,4,0,1,0,0
2_2017.png,16,0,2,0,0
2_2018.png,13,0,0,0,0
2_2019.png,17,1,1,0,0
2_202.png,0,3,9,0,17
2_2020.png,6,3,1,0,0
2_2021.png,9,0,0,0,0
2_2022.png,14,0,0,0,0
2_2023.png,0,0,0,0,0
2_2024.png,8,0,7,0,0
2_2025.png,0,0,0,0,0
2_2026.png,0,0,0,0,0
2_2027.png,12,0,0,0,0
2_2028.png,4,0,4,0,0
2_2029.png,11,0,1,0,0
2_203.png,0,2,10,0,7
2_2030.png,5,62,1,0,0
2_2031.png,6,67,0,0,0
2_2032.png,0,96,3,0,0
2_2033.png,0,92,4,0,0
2_2034.png,12,43,0,0,0
2_2035.png,4,90,3,0,0
2_2036.png,0,92,7,0,0
2_2037.png,6,19,0,0,0
2_2038.png,0,85,5,0,0
2_2039.png,18,0,8,0,0
2_204.png,0,1,6,0,18
2_2040.png,21,0,5,0,0
2_2041.png,21,2,6,0,0
2_2042.png,17,5,3,0,0
2_2043.png,18,4,4,0,0
2_2044.png,18,8,5,0,0
2_2045.png,21,5,4,0,0
2_2046.png,20,3,6,0,0
2_2047.png,21,6,4,0,0
2_2048.png,0,21,10,0,0
2_2049.png,0,0,10,0,0
2_205.png,0,0,3,0,23
2_2050.png,0,1,5,0,0
2_2051.png,20,1,6,0,0
2_2052.png,0,1,6,0,0
2_2053.png,0,2,8,0,0
2_2054.png,0,0,9,0,0
2_2055.png,0,1,9,0,0
2_2056.png,0,0,7,0,0
2_2057.png,0,0,10,0,0
2_2058.png,0,3,13,0,0
2_2059.png,0,0,0,0,18
2_206.png,0,0,11,0,10
2_2060.png,0,0,0,0,14
2_2061.png,0,0,0,0,1
2_2062.png,0,0,0,0,15
2_2063.png,0,0,0,0,0
2_2064.png,0,0,0,0,0
2_2065.png,0,0,0,0,0
2_2066.png,0,0,0,0,0
2_2067.png,0,0,0,0,0
2_2068.png,0,0,2,0,0
2_2069.png,0,0,10,0,0
2_207.png,0,1,15,0,17
2_2070.png,0,0,12,0,0
2_2071.png,0,0,2,0,0
2_2072.png,0,0,1,0,0
2_2073.png,0,0,2,0,0
2_2074.png,0,0,0,0,0
2_2075.png,0,1,17,0,0
2_2076.png,0,0,12,0,0
2_2077.png,0,0,23,0,0
2_2078.png,0,0,16,0,0
2_2079.png,0,0,10,0,0
2_208.png,0,0,9,0,3
2_2080.png,0,0,26,0,0
2_2081.png,0,0,22,0,0
2_2082.png,0,2,8,0,0
2_2083.png,0,0,23,0,0
2_2084.png,0,0,16,0,0
2_2085.png,0,0,51,0,0
2_2086.png,0,0,32,0,0
2_2087.png,0,0,6,0,4
2_2088.png,0,0,5,0,4
2_2089.png,0,0,2,0,2
2_209.png,0,2,4,0,40
2_2090.png,28,1,10,0,0
2_2091.png,0,2,9,0,0
2_2092.png,0,3,9,0,0
2_2093.png,0,1,13,0,0
2_2094.png,0,0,15,0,0
2_2095.png,0,2,12,0,0
2_2096.png,38,0,0,0,0
2_2097.png,38,0,0,0,0
2_2098.png,50,0,0,0,0
2_2099.png,2,0,6,0,0
2_21.png,0,5,12,0,0
2_210.png,0,1,15,0,6
2_2100.png,1,0,17,0,0
2_2101.png,24,0,7,0,0
2_2102.png,0,12,14,0,0
2_2103.png,0,13,11,0,0
2_2104.png,0,22,22,0,0
2_2105.png,0,10,16,0,0
2_2106.png,0,25,16,0,0
2_2107.png,0,2,3,0,0
2_2108.png,0,12,2,0,0
2_2109.png,27,0,0,0,0
2_211.png,0,7,11,0,20
2_2110.png,30,0,0,0,0
2_2111.png,43,0,1,0,0
2_2112.png,30,0,1,0,0
2_2113.png,19,1,7,0,0
2_2114.png,49,5,1,1,0
2_2115.png,11,14,4,5,0
2_2116.png,51,10,1,1,0
2_2117.png,0,7,0,15,0
2_2118.png,6,7,0,10,0
2_2119.png,7,22,0,3,0
2_212.png,0,5,9,0,14
2_2120.png,14,13,1,4,0
2_2121.png,0,0,4,0,0
2_2122.png,0,1,6,0,0
2_2123.png,0,0,0,0,0
2_2124.png,0,0,0,0,0
2_2125.png,11,0,21,0,0
2_2126.png,31,1,1,0,0
2_2127.png,23,1,6,0,0
2_2128.png,36,0,0,0,0
2_2129.png,38,1,0,0,0
2_213.png,0,0,12,0,5
2_2130.png,36,0,0,0,0
2_2131.png,28,1,0,0,0
2_2132.png,0,0,2,0,0
2_2133.png,9,0,8,0,0
2_2134.png,21,0,0,0,0
2_2135.png,15,0,1,0,0
2_2136.png,14,0,0,0,0
2_2137.png,0,1,0,0,0
2_2138.png,0,0,0,0,0
2_2139.png,0,1,0,0,0
2_214.png,0,2,6,0,30
2_2140.png,0,4,0,0,0
2_2141.png,0,2,0,0,0
2_2142.png,0,0,0,0,0
2_2143.png,0,0,0,0,0
2_2144.png,0,0,3,0,0
2_2145.png,0,1,13,0,0
2_2146.png,0,0,16,0,0
2_2147.png,0,0,12,0,0
2_2148.png,0,0,11,0,0
2_2149.png,0,0,4,0,0
2_215.png,0,0,2,0,4
2_2150.png,12,6,6,0,0
2_2151.png,8,5,16,0,0
2_2152.png,12,23,12,0,0
2_2153.png,8,4,22,0,0
2_2154.png,20,0,6,0,0
2_2155.png,12,7,10,0,0
2_2156.png,15,1,3,0,0
2_2157.png,0,0,5,0,7
2_2158.png,0,0,1,0,0
2_2159.png,0,0,1,0,3
2_216.png,0,0,2,0,47
2_2160.png,0,1,2,0,9
2_2161.png,0,2,4,0,19
2_2162.png,0,0,4,0,8
2_2163.png,17,3,0,0,0
2_2164.png,8,4,24,0,0
2_2165.png,4,0,12,0,0
2_2166.png,1,2,33,0,0
2_2167.png,8,8,8,0,0
2_2168.png,6,4,0,0,0
2_2169.png,5,4,4,0,0
2_217.png,0,0,14,0,6
2_2170.png,4,2,3,0,0
2_2171.png,12,0,3,0,0
2_2172.png,12,0,3,0,0
2_2173.png,11,0,3,0,0
2_2174.png,13,0,2,0,0
2_2175.png,0,0,3,0,0
2_2176.png,0,11,22,0,0
2_2177.png,0,2,10,0,0
2_2178.png,0,3,13,0,0
2_2179.png,0,1,21,0,0
2_218.png,0,3,3,0,39
2_2180.png,2,6,18,0,0
2_2181.png,0,3,36,0,0
2_2182.png,0,15,46,1,0
2_2183.png,1,3,26,0,0
2_2184.png,15,0,2,0,0
2_2185.png,0,3,4,0,66
2_2186.png,0,3,1,0,70
2_2187.png,0,0,0,0,65
2_2188.png,0,5,2,0,52
2_2189.png,12,14,31,0,0
2_219.png,0,0,2,0,54
2_2190.png,0,0,7,0,10
2_2191.png,0,0,6,0,11
2_2192.png,0,0,1,0,10
2_2193.png,0,0,2,0,15
2_2194.png,0,0,3,0,9
2_2195.png,0,2,1,0,12
2_2196.png,0,0,2,0,16
2_2197.png,0,0,1,0,11
2_2198.png,19,0,1,0,0
2_2199.png,25,3,7,0,0
2_22.png,11,1,6,0,0
2_220.png,0,0,2,0,30
2_2200.png,26,0,0,0,0
2_2201.png,18,3,7,0,0
2_2202.png,23,2,4,0,0
2_2203.png,28,1,2,0,0
2_2204.png,35,1,0,0,0
2_2205.png,30,1,2,0,0
2_2206.png,23,0,2,0,0
2_2207.png,23,2,8,0,0
2_2208.png,6,12,11,0,0
2_2209.png,24,0,2,0,0
2_221.png,0,3,2,0,33
2_2210.png,13,6,8,0,0
2_2211.png,28,2,0,0,0
2_2212.png,9,3,8,0,0
2_2213.png,32,2,0,0,0
2_2214.png,22,1,0,0,0
2_2215.png,0,0,8,0,0
2_2216.png,0,0,13,0,0
2_2217.png,0,1,14,0,0
2_2218.png,0,0,22,0,0
2_2219.png,0,1,10,0,0
2_222.png,0,3,6,0,40
2_2220.png,0,3,17,0,0
2_2221.png,0,0,15,0,0
2_2222.png,0,0,13,0,0
2_2223.png,0,0,17,0,0
2_2224.png,18,0,0,0,0
2_2225.png,19,2,1,0,0
2_2226.png,15,0,1,0,0
2_2227.png,17,0,1,0,0
2_2228.png,15,1,0,0,0
2_2229.png,8,2,9,0,0
2_223.png,0,0,1,0,43
2_2230.png,9,1,9,0,0
2_2231.png,0,0,7,0,0
2_2232.png,0,0,19,0,0
2_2233.png,0,0,17,0,0
2_2234.png,0,3,11,0,0
2_2235.png,0,1,14,0,0
2_2236.png,14,1,3,0,0
2_2237.png,0,0,11,0,6
2_2238.png,0,0,1,0,9
2_2239.png,0,0,0,0,20
2_224.png,0,1,4,0,12
2_2240.png,0,3,0,0,10
2_2241.png,0,5,2,0,10
2_2242.png,9,3,1,0,0
2_2243.png,7,3,6,0,0
2_2244.png,0,5,16,0,0
2_2245.png,0,2,15,0,0
2_2246.png,0,4,10,0,0
2_2247.png,0,7,14,0,0
2_2248.png,0,1,17,0,0
2_2249.png,8,0,11,0,0
2_225.png,0,0,6,0,0
2_2250.png,0,1,17,0,0
2_2251.png,17,0,5,0,0
2_2252.png,19,0,0,0,0
2_2253.png,20,0,1,0,0
2_2254.png,19,0,2,0,0
2_2255.png,14,0,4,0,0
2_2256.png,21,2,0,0,0
2_2257.png,27,0,1,0,0
2_2258.png,12,1,0,0,0
2_2259.png,21,3,2,0,0
2_226.png,0,1,20,0,25
2_2260.png,4,1,3,0,0
2_2261.png,16,0,0,0,0
2_2262.png,9,4,2,0,0
2_2263.png,4,6,3,0,0
2_2264.png,5,3,1,0,0
2_2265.png,0,6,7,0,0
2_2266.png,0,6,15,0,0
2_2267.png,0,4,19,0,0
2_2268.png,0,2,9,0,0
2_2269.png,0,0,14,0,0
2_227.png,0,4,3,0,32
2_2270.png,0,0,4,0,0
2_2271.png,0,1,46,0,0
2_2272.png,0,0,46,0,0
2_2273.png,0,3,20,0,14
2_2274.png,0,0,8,0,25
2_2275.png,0,0,0,0,19
2_2276.png,0,0,14,0,14
2_2277.png,0,2,7,0,20
2_2278.png,0,1,36,0,0
2_2279.png,0,0,14,0,0
2_228.png,0,1,10,0,35
2_2280.png,0,2,31,0,0
2_2281.png,0,1,13,0,14
2_2282.png,0,1,5,0,16
2_2283.png,28,0,0,0,0
2_2284.png,8,1,0,0,0
2_2285.png,18,0,0,0,0
2_2286.png,31,0,2,0,0
2_2287.png,39,0,0,0,0
2_2288.png,25,0,1,0,0
2_2289.png,25,0,0,0,0
2_229.png,0,1,8,0,0
2_2290.png,7,3,6,0,0
2_2291.png,45,1,0,0,0
2_2292.png,38,0,5,0,0
2_2293.png,23,0,5,0,0
2_2294.png,34,2,3,0,0
2_2295.png,32,0,0,0,0
2_2296.png,13,4,12,0,0
2_2297.png,29,5,5,0,0
2_2298.png,24,4,2,0,0
2_2299.png,27,3,2,0,0
2_23.png,10,0,0,0,0
2_230.png,0,3,5,0,0
2_2300.png,6,5,17,0,0
2_2301.png,11,0,13,0,0
2_2302.png,26,0,0,0,0
2_2303.png,22,0,0,0,0
2_2304.png,24,0,0,0,0
2_2305.png,26,0,0,0,0
2_2306.png,25,0,1,0,0
2_2307.png,22,1,0,0,0
2_2308.png,41,0,0,0,0
2_2309.png,37,2,0,0,0
2_231.png,0,3,11,0,21
2_2310.png,37,0,0,0,0
2_2311.png,32,0,0,0,0
2_2312.png,24,0,0,0,0
2_2313.png,0,1,7,0,6
2_2314.png,7,0,1,0,0
2_2315.png,5,1,7,0,0
2_2316.png,2,2,17,0,0
2_2317.png,23,3,10,0,0
2_2318.png,0,9,17,0,0
2_2319.png,0,7,18,0,0
2_232.png,0,2,9,0,36
2_2320.png,0,1,24,0,0
2_2321.png,0,10,20,0,0
2_2322.png,0,7,15,0,0
2_2323.png,0,1,5,0,41
2_2324.png,0,4,9,0,48
2_2325.png,0,1,2,0,44
2_2326.png,0,2,7,0,0
2_2327.png,0,1,15,0,0
2_2328.png,0,3,9,0,0
2_2329.png,0,0,13,0,0
2_233.png,0,1,1,0,0
2_2330.png,0,3,23,0,0
2_2331.png,3,2,19,0,0
2_2332.png,26,0,0,0,0
2_2333.png,0,0,8,0,22
2_2334.png,0,0,7,0,18
2_2335.png,0,0,21,0,4
2_2336.png,0,0,11,0,27
2_2337.png,0,0,12,0,31
2_2338.png,19,0,3,0,0
2_2339.png,9,0,3,0,0
2_234.png,10,0,7,0,0
2_2340.png,11,0,1,0,0
2_2341.png,12,0,2,0,0
2_2342.png,8,0,1,0,0
2_2343.png,14,0,1,0,0
2_2344.png,9,0,3,0,0
2_2345.png,9,0,1,0,0
2_2346.png,1,6,25,0,0
2_2347.png,0,0,15,0,0
2_2348.png,0,0,21,0,0
2_2349.png,0,1,7,0,0
2_235.png,6,0,4,0,0
2_2350.png,10,0,6,0,0
2_2351.png,15,1,11,0,0
2_2352.png,0,0,10,0,0
2_2353.png,12,1,10,0,0
2_2354.png,55,0,0,0,0
2_2355.png,35,0,0,0,0
2_2356.png,44,0,0,0,0
2_2357.png,33,0,0,0,0
2_2358.png,31,0,2,0,0
2_2359.png,24,0,2,0,0
2_236.png,0,0,0,0,0
2_2360.png,0,0,4,0,0
2_2361.png,0,0,2,0,0
2_2362.png,0,0,5,0,0
2_2363.png,0,0,8,0,0
2_2364.png,0,0,10,0,0
2_2365.png,19,0,5,0,0
2_2366.png,21,2,2,0,0
2_2367.png,26,1,8,0,0
2_2368.png,5,1,13,0,0
2_2369.png,28,0,6,0,0
2_237.png,7,0,2,0,0
2_2370.png,7,0,13,0,0
2_2371.png,10,0,11,0,1
2_2372.png,11,0,5,0,0
2_2373.png,0,0,0,0,0
2_2374.png,15,0,2,0,0
2_2375.png,0,0,0,0,0
2_2376.png,35,64,0,0,0
2_2377.png,34,46,0,0,0
2_2378.png,16,46,0,0,0
2_2379.png,43,56,0,0,0
2_238.png,11,1,2,0,0
2_2380.png,39,45,0,0,0
2_2381.png,38,41,0,0,0
2_2382.png,0,0,4,0,0
2_2383.png,0,0,11,0,0
2_2384.png,0,3,7,0,0
2_2385.png,0,4,3,0,0
2_2386.png,0,0,1,0,0
2_2387.png,63,1,2,0,0
2_2388.png,0,0,2,0,20
2_2389.png,0,1,0,0,16
2_239.png,0,9,13,0,14
2_2390.png,0,0,1,0,35
2_2391.png,0,0,0,0,17
2_2392.png,0,97,16,0,0
2_2393.png,0,47,26,0,0
2_2394.png,0,88,24,0,0
2_2395.png,17,1,0,0,0
2_2396.png,21,0,0,0,0
2_2397.png,7,5,0,0,0
2_2398.png,45,2,0,0,0
2_2399.png,40,1,0,0,0
2_24.png,10,0,0,0,0
2_240.png,0,19,11,0,13
2_2400.png,33,1,1,0,0
2_2401.png,8,0,0,0,0
2_2402.png,4,1,2,0,0
2_2403.png,17,2,1,0,0
2_2404.png,17,0,0,0,0
2_2405.png,23,5,3,0,0
2_2406.png,20,7,1,0,0
2_2407.png,31,5,2,0,0
2_2408.png,29,5,1,0,0
2_2409.png,0,0,1,0,0
2_241.png,0,12,11,0,6
2_2410.png,0,0,1,0,0
2_2411.png,0,0,13,0,0
2_2412.png,0,1,18,0,0
2_2413.png,0,0,9,0,0
2_2414.png,0,0,23,0,0
2_2415.png,0,0,15,0,0
2_2416.png,0,0,21,0,0
2_2417.png,0,0,22,0,0
2_2418.png,0,0,23,0,0
2_2419.png,17,2,7,21,0
2_242.png,0,4,12,0,21
2_2420.png,46,0,9,6,0
2_2421.png,26,1,5,14,0
2_2422.png,33,2,10,0,0
2_2423.png,4,1,11,0,0
2_2424.png,27,1,5,0,0
2_2425.png,14,14,9,0,0
2_2426.png,23,10,6,2,0
2_2427.png,33,10,7,0,0
2_2428.png,16,14,2,2,0
2_2429.png,29,10,4,2,0
2_243.png,0,12,7,0,14
2_2430.png,25,4,6,2,0
2_2431.png,19,11,1,3,0
2_2432.png,21,6,6,0,0
2_2433.png,32,3,6,1,0
2_2434.png,23,0,5,0,0
2_2435.png,3,0,24,0,0
2_2436.png,23,0,2,0,0
2_2437.png,0,0,16,0,0
2_2438.png,0,0,16,0,0
2_2439.png,4,1,4,0,0
2_244.png,0,1,4,0,0
2_2440.png,2,1,7,0,0
2_2441.png,34,0,0,0,0
2_2442.png,25,3,1,0,0
2_2443.png,24,0,4,0,0
2_2444.png,32,2,2,0,0
2_2445.png,19,0,2,0,0
2_2446.png,2,0,18,0,0
2_2447.png,0,0,12,0,0
2_2448.png,1,1,8,0,0
2_2449.png,0,0,16,0,0
2_245.png,0,1,3,0,33
2_2450.png,24,11,2,2,0
2_2451.png,14,2,9,3,0
2_2452.png,2,68,6,2,0
2_2453.png,13,12,1,4,0
2_2454.png,12,43,1,0,0
2_2455.png,0,1,3,0,0
2_2456.png,0,2,2,0,0
2_2457.png,0,1,1,0,0
2_2458.png,0,2,2,0,0
2_2459.png,0,3,1,0,0
2_246.png,0,2,9,0,0
2_2460.png,0,0,2,0,0
2_2461.png,0,2,1,0,0
2_2462.png,0,1,0,0,0
2_2463.png,0,1,0,0,0
2_2464.png,0,0,11,0,0
2_2465.png,0,0,16,0,0
2_2466.png,23,0,0,0,0
2_2467.png,17,1,5,0,0
2_2468.png,25,0,1,0,0
2_2469.png,23,3,3,0,0
2_247.png,0,0,6,0,5
2_2470.png,27,0,0,0,0
2_2471.png,24,4,2,0,0
2_2472.png,10,71,8,0,0
2_2473.png,13,61,5,0,0
2_2474.png,15,28,7,0,0
2_2475.png,12,51,6,0,0
2_2476.png,19,24,13,0,0
2_2477.png,15,4,2,0,0
2_2478.png,21,3,0,0,0
2_2479.png,19,1,0,0,0
2_248.png,0,0,4,0,49
2_2480.png,24,0,0,0,0
2_2481.png,23,0,0,0,0
2_2482.png,21,0,1,0,0
2_2483.png,0,1,0,0,4
2_2484.png,0,2,2,0,10
2_2485.png,0,2,1,0,12
2_2486.png,0,0,0,1,16
2_2487.png,0,1,3,0,19
2_2488.png,0,1,2,0,17
2_2489.png,0,0,0,0,16
2_249.png,0,1,5,0,45
2_2490.png,0,2,0,0,20
2_2491.png,0,1,1,0,18
2_2492.png,0,0,0,0,35
2_2493.png,0,0,3,0,32
2_2494.png,0,0,1,0,16
2_2495.png,0,0,0,0,3
2_2496.png,0,0,6,0,6
2_2497.png,0,2,0,0,0
2_2498.png,0,0,1,0,7
2_2499.png,0,3,3,0,22
2_25.png,4,1,2,0,0
2_250.png,0,0,8,0,30
2_2500.png,0,2,2,0,24
2_2501.png,0,0,11,0,23
2_2502.png,0,0,5,0,22
2_2503.png,0,4,2,0,24
2_2504.png,0,4,5,0,25
2_2505.png,0,3,6,0,24
2_2506.png,0,5,9,0,13
2_2507.png,0,9,5,0,5
2_2508.png,0,3,5,0,32
2_2509.png,0,5,6,0,8
2_251.png,0,2,7,0,27
2_2510.png,33,2,2,0,0
2_2511.png,43,0,2,0,0
2_2512.png,24,0,14,0,0
2_2513.png,30,0,8,0,0
2_2514.png,26,0,1,0,7
2_2515.png,22,1,9,0,4
2_2516.png,35,0,3,0,0
2_2517.png,13,2,8,0,0
2_2518.png,9,0,11,0,0
2_2519.png,0,1,1,0,33
2_252.png,0,6,6,0,40
2_2520.png,0,6,7,0,32
2_2521.png,0,0,6,0,22
2_2522.png,0,3,12,0,30
2_2523.png,0,0,19,0,0
2_2524.png,0,2,9,0,0
2_2525.png,0,0,9,0,0
2_2526.png,0,1,17,0,0
2_2527.png,0,1,25,0,0
2_2528.png,0,0,21,0,0
2_2529.png,0,0,13,0,0
2_253.png,0,7,6,0,31
2_2530.png,0,2,8,0,0
2_2531.png,0,2,16,0,0
2_2532.png,0,0,15,0,0
2_2533.png,0,0,7,0,0
2_2534.png,0,0,15,0,0
2_2535.png,0,0,1,0,0
2_2536.png,28,0,0,0,0
2_2537.png,32,0,0,0,0
2_2538.png,24,0,5,0,0
2_2539.png,31,0,6,0,0
2_254.png,0,12,8,0,23
2_2540.png,41,0,4,0,0
2_2541.png,36,0,0,0,0
2_2542.png,35,2,2,0,0
2_2543.png,25,0,6,0,0
2_2544.png,30,0,0,0,0
2_2545.png,31,0,0,0,0
2_2546.png,36,0,0,0,0
2_2547.png,26,0,0,0,0
2_2548.png,29,0,0,0,0
2_2549.png,34,0,0,0,0
2_255.png,0,0,3,0,17
2_2550.png,25,0,7,0,0
2_2551.png,20,1,2,0,0
2_2552.png,47,0,0,0,0
2_2553.png,35,0,1,0,0
2_2554.png,2,2,15,0,0
2_2555.png,16,0,2,0,0
2_2556.png,33,0,4,0,0
2_2557.png,17,0,3,0,0
2_2558.png,0,1,15,0,0
2_2559.png,24,0,8,0,0
2_256.png,0,0,6,0,19
2_2560.png,16,0,16,0,0
2_2561.png,2,1,24,0,0
2_2562.png,0,0,19,0,0
2_2563.png,31,1,1,0,0
2_2564.png,0,3,18,0,0
2_2565.png,4,4,12,0,0
2_2566.png,0,3,41,0,0
2_2567.png,0,0,44,0,0
2_2568.png,0,7,30,0,0
2_2569.png,0,3,31,0,0
2_257.png,0,2,6,0,5
2_2570.png,0,3,31,0,0
2_2571.png,0,1,45,0,0
2_2572.png,0,0,26,0,0
2_2573.png,0,5,40,0,0
2_2574.png,0,12,33,0,0
2_2575.png,0,2,42,0,0
2_2576.png,0,0,37,0,0
2_2577.png,0,2,38,0,0
2_2578.png,0,12,25,0,0
2_2579.png,0,2,45,0,0
2_258.png,0,0,2,0,25
2_2580.png,0,2,32,0,0
2_2581.png,33,2,17,0,0
2_2582.png,20,0,0,0,0
2_2583.png,17,0,2,0,0
2_2584.png,14,2,13,0,0
2_2585.png,17,1,13,0,0
2_2586.png,18,0,6,0,0
2_2587.png,28,1,1,0,0
2_2588.png,27,2,7,0,0
2_2589.png,24,2,3,0,0
2_259.png,0,1,7,0,22
2_2590.png,49,0,2,0,0
2_2591.png,9,0,0,0,0
2_2592.png,3,0,1,0,0
2_2593.png,38,2,6,0,0
2_2594.png,0,0,21,0,0
2_2595.png,0,1,36,3,0
2_2596.png,0,0,35,0,0
2_2597.png,0,0,17,0,0
2_2598.png,0,0,20,0,0
2_2599.png,0,0,20,1,0
2_26.png,0,0,8,0,0
2_260.png,0,0,3,0,26
2_2600.png,0,0,13,1,0
2_2601.png,0,1,19,3,0
2_2602.png,0,3,18,1,0
2_2603.png,0,1,16,1,0
2_2604.png,0,0,19,1,0
2_2605.png,0,0,19,0,0
2_2606.png,0,1,26,0,0
2_2607.png,88,3,23,0,0
2_2608.png,86,8,8,0,0
2_2609.png,80,0,0,0,0
2_261.png,0,0,5,0,20
2_2610.png,56,1,8,0,0
2_2611.png,81,0,0,0,0
2_2612.png,122,4,0,0,0
2_2613.png,119,0,1,0,0
2_2614.png,92,2,0,0,0
2_2615.png,102,1,4,0,0
2_2616.png,94,7,15,0,0
2_2617.png,107,2,1,0,0
2_2618.png,84,1,4,0,0
2_2619.png,97,4,21,1,0
2_262.png,23,0,0,0,0
2_2620.png,115,1,5,3,0
2_2621.png,71,7,0,1,0
2_2622.png,31,0,0,0,0
2_2623.png,24,0,0,0,0
2_2624.png,38,3,0,0,0
2_2625.png,39,1,0,0,0
2_2626.png,48,0,1,0,0
2_2627.png,45,1,1,0,0
2_2628.png,23,0,3,1,0
2_2629.png,42,0,0,0,0
2_263.png,17,6,6,0,0
2_2630.png,66,2,0,0,0
2_2631.png,36,0,0,0,0
2_2632.png,18,0,0,0,0
2_2633.png,24,0,0,0,0
2_2634.png,0,28,36,0,14
2_2635.png,0,13,17,0,35
2_2636.png,0,1,0,0,17
2_2637.png,0,0,5,0,0
2_2638.png,0,0,12,0,0
2_2639.png,0,0,12,0,0
2_264.png,22,3,1,0,0
2_2640.png,0,0,6,0,0
2_2641.png,0,0,3,0,0
2_2642.png,0,0,10,0,0
2_2643.png,0,0,5,0,0
2_2644.png,0,7,13,0,0
2_2645.png,62,0,3,0,0
2_2646.png,24,0,0,0,0
2_2647.png,39,6,12,0,0
2_2648.png,2,2,22,0,0
2_2649.png,23,0,0,0,0
2_265.png,14,2,2,0,0
2_2650.png,0,3,16,0,0
2_2651.png,0,3,15,0,0
2_2652.png,0,1,9,0,0
2_2653.png,0,1,3,0,0
2_2654.png,0,0,2,0,0
2_2655.png,0,4,4,0,0
2_2656.png,0,0,2,0,0
2_2657.png,0,4,18,0,0
2_2658.png,51,2,0,0,0
2_2659.png,44,4,6,0,0
2_266.png,0,15,18,0,0
2_2660.png,81,2,2,0,0
2_2661.png,56,1,0,0,0
2_2662.png,0,138,26,0,0
2_2663.png,0,129,13,0,0
2_2664.png,0,141,22,0,0
2_2665.png,12,0,35,0,0
2_2666.png,34,9,28,0,0
2_2667.png,0,7,7,0,39
2_2668.png,0,5,6,0,33
2_2669.png,0,1,18,0,0
2_267.png,0,17,21,0,0
2_2670.png,0,1,10,0,0
2_2671.png,0,0,27,0,0
2_2672.png,0,17,38,0,0
2_2673.png,0,6,33,0,0
2_2674.png,0,10,52,0,0
2_2675.png,53,1,8,0,0
2_2676.png,66,1,8,0,0
2_2677.png,1,5,24,0,0
2_2678.png,80,1,0,0,0
2_2679.png,0,17,17,0,0
2_268.png,1,20,11,0,0
2_2680.png,0,13,44,0,0
2_2681.png,18,5,31,0,0
2_2682.png,15,5,0,0,0
2_2683.png,15,21,20,0,0
2_2684.png,0,0,2,0,0
2_2685.png,0,0,2,0,0
2_2686.png,0,0,2,0,0
2_2687.png,0,6,6,0,0
2_2688.png,0,4,0,0,0
2_2689.png,0,2,0,0,0
2_269.png,25,0,0,0,0
2_2690.png,0,0,3,0,0
2_2691.png,0,0,9,0,0
2_2692.png,0,0,10,0,0
2_2693.png,0,6,1,0,0
2_2694.png,0,0,0,0,0
2_2695.png,0,0,0,0,0
2_2696.png,0,0,2,0,0
2_2697.png,0,1,17,0,0
2_2698.png,20,14,43,0,0
2_2699.png,23,2,18,0,0
2_27.png,1,0,10,0,0
2_270.png,16,13,5,0,0
2_2700.png,28,2,16,0,0
2_2701.png,33,0,10,0,0
2_2702.png,35,2,7,0,0
2_2703.png,0,0,3,0,0
2_2704.png,0,0,4,0,0
2_2705.png,0,0,4,0,0
2_2706.png,0,0,12,0,0
2_2707.png,0,0,2,0,0
2_2708.png,0,0,1,0,0
2_2709.png,0,0,6,0,0
2_271.png,19,0,0,0,0
2_2710.png,0,35,30,0,25
2_2711.png,0,9,11,0,13
2_2712.png,0,11,18,0,26
2_2713.png,0,15,22,0,26
2_2714.png,40,0,0,17,0
2_2715.png,31,3,12,0,0
2_2716.png,45,4,4,0,0
2_2717.png,12,44,42,0,0
2_2718.png,21,0,19,0,0
2_2719.png,0,10,36,0,0
2_272.png,8,0,3,0,0
2_2720.png,0,18,33,0,0
2_2721.png,0,39,36,0,0
2_273.png,18,0,4,0,0
2_274.png,0,13,12,0,12
2_275.png,18,5,7,0,0
2_276.png,25,0,0,0,0
2_277.png,23,4,6,0,0
2_278.png,19,1,4,0,0
2_279.png,0,24,20,0,0
2_28.png,10,0,3,0,0
2_280.png,0,11,11,0,0
2_281.png,13,9,13,0,0
2_282.png,0,14,17,0,0
2_283.png,0,5,9,0,0
2_284.png,0,5,22,0,0
2_285.png,31,0,5,0,0
2_286.png,10,23,2,0,0
2_287.png,6,6,12,0,0
2_288.png,0,0,7,0,0
2_289.png,27,4,6,0,0
2_29.png,1,1,8,0,0
2_290.png,5,3,3,0,0
2_291.png,0,0,7,0,0
2_292.png,2,3,11,0,0
2_293.png,0,5,7,0,0
2_294.png,4,3,5,0,0
2_295.png,0,0,5,0,0
2_296.png,6,0,3,0,0
2_297.png,3,1,11,0,0
2_298.png,4,3,10,0,0
2_299.png,0,0,9,0,0
2_3.png,10,0,1,0,0
2_30.png,3,0,5,0,0
2_300.png,0,1,8,0,0
2_301.png,5,1,6,0,0
2_302.png,12,0,4,0,0
2_303.png,2,2,6,0,0
2_304.png,0,0,6,0,0
2_305.png,0,0,3,0,0
2_306.png,0,0,2,0,37
2_307.png,0,1,3,0,37
2_308.png,0,1,3,0,14
2_309.png,0,2,9,0,10
2_31.png,6,1,6,0,0
2_310.png,0,0,8,0,0
2_311.png,0,0,1,0,23
2_312.png,0,1,3,0,7
2_313.png,0,0,1,0,13
2_314.png,0,2,4,0,10
2_315.png,29,1,0,0,0
2_316.png,24,3,0,0,0
2_317.png,17,6,0,0,0
2_318.png,7,8,3,0,0
2_319.png,15,6,4,0,0
2_32.png,0,1,11,0,0
2_320.png,14,2,4,0,0
2_321.png,18,3,0,0,0
2_322.png,13,2,4,0,0
2_323.png,20,8,3,0,0
2_324.png,25,3,2,0,0
2_325.png,22,4,0,0,0
2_326.png,16,6,5,0,0
2_327.png,19,1,0,0,0
2_328.png,23,0,0,0,0
2_329.png,35,1,1,0,0
2_33.png,2,1,4,0,0
2_330.png,12,2,5,0,0
2_331.png,19,8,5,0,0
2_332.png,17,6,4,0,0
2_333.png,15,0,4,0,0
2_334.png,19,0,0,0,0
2_335.png,5,0,0,0,0
2_336.png,3,0,0,0,0
2_337.png,7,0,0,0,0
2_338.png,0,7,9,0,0
2_339.png,0,2,12,0,0
2_34.png,9,0,4,0,0
2_340.png,0,3,11,0,0
2_341.png,0,3,9,0,0
2_342.png,0,1,8,0,0
2_343.png,0,7,11,0,0
2_344.png,5,0,2,0,0
2_345.png,5,1,1,0,0
2_346.png,5,0,4,0,0
2_347.png,4,1,2,0,0
2_348.png,5,4,4,0,0
2_349.png,1,2,3,0,0
2_35.png,0,0,4,0,2
2_350.png,3,1,3,0,0
2_351.png,28,0,0,0,0
2_352.png,26,0,0,0,0
2_353.png,26,0,0,0,0
2_354.png,2,4,7,0,0
2_355.png,18,1,1,0,0
2_356.png,17,0,0,0,0
2_357.png,7,0,5,0,0
2_358.png,8,0,0,0,0
2_359.png,16,0,0,0,0
2_36.png,0,0,4,0,23
2_360.png,2,1,7,0,0
2_361.png,18,0,0,0,0
2_362.png,4,0,8,0,0
2_363.png,1,0,3,0,0
2_364.png,10,0,3,0,0
2_365.png,11,0,4,0,0
2_366.png,5,0,3,0,0
2_367.png,8,0,0,0,0
2_368.png,15,0,0,0,0
2_369.png,16,0,1,0,0
2_37.png,0,0,13,0,11
2_370.png,9,0,2,0,0
2_371.png,6,16,7,0,0
2_372.png,14,1,4,0,0
2_373.png,6,1,4,0,0
2_374.png,12,1,5,0,0
2_375.png,6,0,7,0,0
2_376.png,13,0,0,0,0
2_377.png,12,1,1,0,0
2_378.png,7,0,5,0,0
2_379.png,9,0,8,0,0
2_38.png,0,0,3,0,19
2_380.png,4,0,4,0,0
2_381.png,5,11,23,0,0
2_382.png,28,1,1,0,0
2_383.png,12,13,14,0,0
2_384.png,10,12,26,0,0
2_385.png,3,2,4,0,0
2_386.png,21,0,1,0,0
2_387.png,2,1,3,0,0
2_388.png,9,1,2,0,0
2_389.png,0,5,8,0,0
2_39.png,0,0,0,0,24
2_390.png,6,3,8,0,0
2_391.png,0,2,10,0,0
2_392.png,2,2,6,0,0
2_393.png,3,9,4,0,0
2_394.png,16,3,0,0,0
2_395.png,9,3,2,0,0
2_396.png,0,13,7,0,0
2_397.png,10,0,0,0,0
2_398.png,11,0,3,0,0
2_399.png,14,0,2,0,0
2_4.png,9,1,1,0,0
2_40.png,0,1,5,0,0
2_400.png,4,2,1,0,0
2_401.png,11,0,7,0,0
2_402.png,8,0,1,0,0
2_403.png,4,1,4,0,0
2_404.png,8,1,5,0,0
2_405.png,12,2,1,0,0
2_406.png,11,1,3,0,0
2_407.png,15,2,9,0,0
2_408.png,13,0,1,0,0
2_409.png,5,1,3,0,0
2_41.png,0,0,2,0,0
2_410.png,5,2,3,0,0
2_411.png,2,1,4,0,0
2_412.png,7,1,0,0,0
2_413.png,8,0,3,0,0
2_414.png,12,0,3,0,0
2_415.png,15,1,4,0,0
2_416.png,1,0,5,0,0
2_417.png,23,4,3,0,0
2_418.png,19,0,3,0,0
2_419.png,11,3,6,0,0
2_42.png,0,0,5,0,12
2_420.png,16,3,0,0,0
2_421.png,21,1,0,0,0
2_422.png,13,1,12,0,0
2_423.png,0,1,4,0,0
2_424.png,12,0,0,0,0
2_425.png,16,0,2,0,0
2_426.png,35,0,0,0,0
2_427.png,17,0,1,0,0
2_428.png,21,0,0,0,0
2_429.png,24,0,3,0,0
2_43.png,16,2,0,0,0
2_430.png,1,2,5,0,0
2_431.png,10,2,4,0,0
2_432.png,5,1,7,0,0
2_433.png,11,1,2,0,0
2_434.png,0,0,7,0,0
2_435.png,0,1,7,0,0
2_436.png,0,1,16,0,0
2_437.png,7,1,3,0,0
2_438.png,5,3,7,0,0
2_439.png,6,6,11,0,0
2_44.png,6,4,8,0,0
2_440.png,0,3,9,0,0
2_441.png,8,3,6,0,0
2_442.png,2,6,4,0,0
2_443.png,1,3,2,0,0
2_444.png,3,2,1,0,0
2_445.png,6,2,2,0,0
2_446.png,0,1,8,0,0
2_447.png,5,0,5,0,0
2_448.png,0,4,5,0,0
2_449.png,14,3,3,0,0
2_45.png,6,4,3,0,0
2_450.png,4,1,7,0,0
2_451.png,0,0,3,0,0
2_452.png,7,1,1,0,0
2_453.png,2,1,4,0,0
2_454.png,0,0,5,0,0
2_455.png,6,1,5,0,0
2_456.png,0,0,7,0,0
2_457.png,10,5,5,0,0
2_458.png,11,7,5,0,0
2_459.png,10,0,2,0,0
2_46.png,25,0,1,0,0
2_460.png,0,0,7,0,0
2_461.png,2,3,11,0,0
2_462.png,0,3,8,0,0
2_463.png,2,0,6,0,0
2_464.png,1,0,5,0,0
2_465.png,1,1,7,0,0
2_466.png,13,1,3,0,0
2_467.png,6,0,9,0,0
2_468.png,8,1,7,0,0
2_469.png,4,0,2,0,0
2_47.png,10,5,6,0,0
2_470.png,14,4,3,0,0
2_471.png,7,5,10,0,0
2_472.png,19,1,5,0,0
2_473.png,3,0,7,0,0
2_474.png,4,1,8,0,0
2_475.png,6,0,0,0,0
2_476.png,7,0,2,0,0
2_477.png,24,0,1,0,0
2_478.png,1,2,10,0,0
2_479.png,16,0,5,0,0
2_48.png,2,0,4,0,0
2_480.png,23,0,5,0,0
2_481.png,1,2,13,0,0
2_482.png,19,2,5,0,0
2_483.png,16,2,2,0,0
2_484.png,13,4,6,0,0
2_485.png,12,1,8,0,0
2_486.png,21,1,5,0,0
2_487.png,10,5,2,0,0
2_488.png,12,1,1,0,0
2_489.png,10,0,4,0,0
2_49.png,0,1,8,0,0
2_490.png,6,2,8,0,0
2_491.png,0,18,10,0,0
2_492.png,0,36,8,0,0
2_493.png,23,2,2,0,0
2_494.png,22,1,3,0,0
2_495.png,23,6,4,0,0
2_496.png,27,0,0,0,0
2_497.png,16,0,2,0,0
2_498.png,18,3,2,0,0
2_499.png,27,0,0,0,0
2_5.png,13,0,1,0,0
2_50.png,0,4,8,0,8
2_500.png,29,0,0,0,0
2_501.png,32,0,0,0,0
2_502.png,31,0,0,0,0
2_503.png,22,0,0,0,0
2_504.png,28,1,0,0,0
2_505.png,29,1,0,0,0
2_506.png,16,1,0,0,0
2_507.png,8,7,7,0,0
2_508.png,3,23,7,0,0
2_509.png,0,11,10,0,0
2_51.png,0,0,1,0,44
2_510.png,0,11,6,0,0
2_511.png,0,25,7,0,0
2_512.png,1,17,7,0,0
2_513.png,0,24,8,0,0
2_514.png,1,6,8,0,0
2_515.png,23,9,2,0,0
2_516.png,18,6,5,0,0
2_517.png,1,17,9,0,0
2_518.png,15,14,2,0,0
2_519.png,14,7,9,0,0
2_52.png,0,0,1,0,30
2_520.png,22,1,1,0,0
2_521.png,6,5,4,0,0
2_522.png,2,5,8,0,0
2_523.png,21,0,4,0,0
2_524.png,8,4,7,0,0
2_525.png,10,2,11,0,0
2_526.png,17,0,0,0,0
2_527.png,17,2,3,0,0
2_528.png,0,2,7,0,0
2_529.png,4,2,1,0,0
2_53.png,0,0,2,0,12
2_530.png,1,2,6,0,0
2_531.png,0,0,10,0,11
2_532.png,0,1,2,0,24
2_533.png,0,0,1,0,27
2_534.png,0,0,4,0,9
2_535.png,0,5,6,0,0
2_536.png,0,3,4,0,10
2_537.png,0,1,1,0,36
2_538.png,0,1,2,0,28
2_539.png,0,1,3,0,21
2_54.png,0,0,10,0,9
2_540.png,0,2,7,0,4
2_541.png,12,0,0,0,0
2_542.png,26,0,0,0,0
2_543.png,12,0,2,0,0
2_544.png,12,0,1,0,0
2_545.png,28,2,1,0,0
2_546.png,0,0,0,0,0
2_547.png,23,0,3,0,0
2_548.png,50,0,0,0,0
2_549.png,22,0,0,0,0
2_55.png,0,2,2,0,36
2_550.png,0,0,1,0,0
2_551.png,0,0,3,0,0
2_552.png,12,0,1,0,0
2_553.png,39,0,0,0,0
2_554.png,35,0,1,0,0
2_555.png,11,0,1,0,0
2_556.png,57,1,4,0,0
2_557.png,27,0,1,0,0
2_558.png,24,0,1,0,0
2_559.png,0,1,2,0,0
2_56.png,0,0,4,0,17
2_560.png,0,0,2,0,0
2_561.png,12,0,3,0,0
2_562.png,11,1,2,0,0
2_563.png,56,0,0,0,0
2_564.png,45,1,0,0,0
2_565.png,5,0,0,0,0
2_566.png,0,0,6,0,0
2_567.png,31,0,0,0,0
2_568.png,26,0,0,0,0
2_569.png,30,1,0,0,0
2_57.png,0,0,2,0,20
2_570.png,21,3,0,0,0
2_571.png,27,4,0,0,0
2_572.png,80,0,0,0,0
2_573.png,6,0,1,0,0
2_574.png,16,6,0,0,0
2_575.png,21,0,0,0,0
2_576.png,64,0,1,0,0
2_577.png,58,1,0,0,0
2_578.png,12,0,2,0,0
2_579.png,15,4,3,0,0
2_58.png,0,0,5,0,8
2_580.png,0,5,5,0,0
2_581.png,0,0,0,0,41
2_582.png,0,2,11,1,7
2_583.png,0,1,0,0,70
2_584.png,0,3,11,0,0
2_585.png,1,3,2,0,0
2_586.png,1,6,4,0,0
2_587.png,2,5,6,0,0
2_588.png,2,6,11,0,0
2_589.png,4,0,2,0,0
2_59.png,0,0,1,0,16
2_590.png,3,0,5,0,0
2_591.png,4,0,5,0,0
2_592.png,0,0,1,0,0
2_593.png,0,0,1,0,0
2_594.png,2,2,9,0,0
2_595.png,0,2,0,0,0
2_596.png,0,12,4,0,0
2_597.png,1,5,4,0,0
2_598.png,6,1,2,0,0
2_599.png,5,1,2,0,0
2_6.png,8,0,0,0,0
2_60.png,0,2,1,0,24
2_600.png,12,3,0,0,0
2_601.png,9,2,1,0,0
2_602.png,23,5,0,0,0
2_603.png,0,19,8,0,0
2_604.png,3,1,1,0,0
2_605.png,1,1,2,0,0
2_606.png,2,4,7,0,0
2_607.png,1,23,8,0,0
2_608.png,0,39,1,0,0
2_609.png,0,42,1,0,0
2_61.png,0,0,1,0,37
2_610.png,0,8,4,0,0
2_611.png,0,15,5,0,0
2_612.png,0,7,7,0,0
2_613.png,12,0,1,0,0
2_614.png,15,1,0,0,0
2_615.png,7,0,9,0,0
2_616.png,0,3,6,0,0
2_617.png,0,5,2,0,0
2_618.png,4,5,2,0,0
2_619.png,12,0,1,0,0
2_62.png,0,1,6,0,33
2_620.png,0,4,5,0,0
2_621.png,0,7,4,0,0
2_622.png,13,0,4,0,0
2_623.png,10,6,3,0,0
2_624.png,0,8,14,0,0
2_625.png,3,5,6,0,0
2_626.png,11,4,6,0,0
2_627.png,12,3,4,0,0
2_628.png,1,8,16,0,0
2_629.png,7,7,2,0,0
2_63.png,0,2,2,0,25
2_630.png,5,6,19,0,0
2_631.png,2,16,10,0,0
2_632.png,1,5,11,0,0
2_633.png,18,0,1,0,0
2_634.png,20,0,2,0,0
2_635.png,26,0,0,0,0
2_636.png,26,0,0,0,0
2_637.png,30,0,0,0,0
2_638.png,0,0,8,0,11
2_639.png,0,1,12,0,0
2_64.png,0,0,9,0,31
2_640.png,0,1,7,0,30
2_641.png,9,0,0,0,0
2_642.png,4,2,1,0,0
2_643.png,15,1,0,0,0
2_644.png,15,2,1,0,0
2_645.png,19,0,0,0,0
2_646.png,16,2,0,0,0
2_647.png,5,4,7,0,0
2_648.png,8,11,2,0,0
2_649.png,0,44,3,0,0
2_65.png,3,1,3,0,0
2_650.png,0,18,14,0,0
2_651.png,5,10,13,0,0
2_652.png,0,16,4,0,0
2_653.png,4,1,11,0,0
2_654.png,18,1,1,0,0
2_655.png,16,1,0,0,0
2_656.png,7,1,0,0,0
2_657.png,5,2,5,0,0
2_658.png,11,1,5,0,0
2_659.png,4,0,4,0,0
2_66.png,0,2,6,0,0
2_660.png,22,0,1,0,0
2_661.png,9,0,4,0,0
2_662.png,6,0,5,0,0
2_663.png,8,0,2,0,0
2_664.png,16,0,0,0,0
2_665.png,13,0,0,0,0
2_666.png,14,1,0,0,0
2_667.png,9,0,2,0,0
2_668.png,15,0,1,0,0
2_669.png,1,0,3,0,0
2_67.png,1,1,10,0,13
2_670.png,5,1,5,0,0
2_671.png,22,0,0,0,0
2_672.png,13,0,4,0,0
2_673.png,6,1,3,0,0
2_674.png,11,1,5,0,0
2_675.png,6,0,1,0,0
2_676.png,13,0,0,0,0
2_677.png,10,0,5,0,0
2_678.png,8,0,2,0,0
2_679.png,19,0,1,0,0
2_68.png,0,1,7,0,34
2_680.png,18,0,0,0,0
2_681.png,7,1,7,0,0
2_682.png,7,0,4,0,0
2_683.png,20,0,1,0,0
2_684.png,17,0,2,0,0
2_685.png,13,0,2,0,0
2_686.png,7,1,7,0,0
2_687.png,11,0,2,0,0
2_688.png,7,4,1,0,0
2_689.png,11,0,5,0,0
2_69.png,7,0,2,0,0
2_690.png,14,0,3,0,0
2_691.png,3,2,4,0,0
2_692.png,9,0,4,0,0
2_693.png,10,1,3,0,0
2_694.png,11,1,2,0,0
2_695.png,7,0,3,0,0
2_696.png,11,0,2,0,0
2_697.png,7,1,1,0,0
2_698.png,5,1,0,0,0
2_699.png,1,0,5,0,0
2_7.png,6,0,4,0,0
2_70.png,2,0,1,0,0
2_700.png,18,0,2,0,0
2_701.png,7,0,1,0,0
2_702.png,10,2,9,0,0
2_703.png,12,0,2,0,0
2_704.png,7,0,5,0,0
2_705.png,6,2,6,0,0
2_706.png,13,17,13,0,0
2_707.png,0,10,6,0,0
2_708.png,0,4,12,0,0
2_709.png,0,31,6,0,0
2_71.png,4,1,4,0,0
2_710.png,2,0,2,0,0
2_711.png,31,3,0,0,0
2_712.png,25,0,3,0,0
2_713.png,13,0,4,0,0
2_714.png,14,2,10,0,0
2_715.png,23,1,4,0,0
2_716.png,51,0,2,0,0
2_717.png,2,0,13,0,0
2_718.png,0,1,10,0,0
2_719.png,0,1,8,0,0
2_72.png,1,1,6,0,14
2_720.png,0,5,10,0,0
2_721.png,0,2,7,0,0
2_722.png,0,2,6,0,0
2_723.png,0,3,12,0,0
2_724.png,0,11,15,0,0
2_725.png,0,0,16,0,0
2_726.png,0,2,8,0,0
2_727.png,0,0,12,0,0
2_728.png,28,2,3,0,0
2_729.png,33,3,1,0,0
2_73.png,1,2,15,0,1
2_730.png,16,6,3,0,0
2_731.png,0,2,9,0,0
2_732.png,0,4,4,0,0
2_733.png,0,2,3,0,0
2_734.png,0,0,1,0,0
2_735.png,0,0,0,0,0
2_736.png,16,2,1,0,0
2_737.png,34,8,5,0,0
2_738.png,22,0,0,0,0
2_739.png,22,0,2,0,0
2_74.png,2,1,10,0,0
2_740.png,2,0,0,0,0
2_741.png,19,0,1,0,0
2_742.png,0,0,23,0,0
2_743.png,0,1,20,0,0
2_744.png,0,0,20,0,0
2_745.png,0,9,21,0,0
2_746.png,0,6,19,0,0
2_747.png,0,1,23,0,0
2_748.png,0,7,28,0,0
2_749.png,0,1,5,0,0
2_75.png,0,0,15,0,16
2_750.png,0,10,12,0,0
2_751.png,0,6,6,0,0
2_752.png,0,6,21,0,0
2_753.png,0,4,18,0,0
2_754.png,0,0,0,0,0
2_755.png,0,3,1,0,0
2_756.png,0,1,0,0,0
2_757.png,0,1,1,0,0
2_758.png,0,0,2,0,0
2_759.png,0,114,1,0,0
2_76.png,0,0,17,0,24
2_760.png,0,114,3,0,0
2_761.png,0,2,3,0,0
2_762.png,0,0,0,0,0
2_763.png,16,1,1,0,0
2_764.png,20,1,1,0,0
2_765.png,17,0,0,0,0
2_766.png,26,0,0,0,0
2_767.png,17,0,0,4,0
2_768.png,19,2,3,0,0
2_769.png,13,1,3,3,0
2_77.png,0,1,12,0,15
2_770.png,25,0,2,0,0
2_771.png,19,0,0,3,0
2_772.png,13,1,2,0,0
2_773.png,19,1,5,0,0
2_774.png,18,1,0,0,0
2_775.png,22,0,1,0,0
2_776.png,0,91,8,0,0
2_777.png,0,91,5,0,0
2_778.png,0,0,0,0,0
2_779.png,0,0,1,0,0
2_78.png,0,0,9,0,41
2_780.png,0,0,0,0,0
2_781.png,0,1,0,0,0
2_782.png,0,1,3,0,0
2_783.png,0,0,1,0,0
2_784.png,0,0,0,0,0
2_785.png,0,2,25,0,0
2_786.png,0,7,37,0,0
2_787.png,28,1,8,0,0
2_788.png,2,0,34,0,0
2_789.png,10,0,33,0,0
2_79.png,0,0,7,0,38
2_790.png,0,0,45,0,0
2_791.png,0,5,6,0,0
2_792.png,0,5,3,0,0
2_793.png,0,1,5,0,0
2_794.png,0,7,10,0,0
2_795.png,0,0,3,0,0
2_796.png,0,6,4,0,0
2_797.png,0,4,14,0,0
2_798.png,4,1,4,0,0
2_799.png,0,25,12,0,0
2_8.png,8,0,5,0,0
2_80.png,13,0,1,0,0
2_800.png,0,7,3,0,0
2_801.png,2,11,4,0,0
2_802.png,0,78,4,0,0
2_803.png,0,86,3,0,0
2_804.png,0,78,3,0,0
2_805.png,0,77,4,0,0
2_806.png,0,87,4,0,0
2_807.png,0,14,20,0,0
2_808.png,0,3,33,0,0
2_809.png,0,12,13,0,0
2_81.png,15,1,1,0,0
2_810.png,8,7,18,0,0
2_811.png,74,3,2,0,0
2_812.png,58,2,0,0,0
2_813.png,48,2,2,0,0
2_814.png,1,15,35,0,0
2_815.png,26,6,0,0,0
2_816.png,22,2,10,0,0
2_817.png,31,0,3,0,0
2_818.png,7,0,13,0,0
2_819.png,18,2,5,0,0
2_82.png,0,0,4,0,0
2_820.png,29,0,1,0,0
2_821.png,14,1,3,0,0
2_822.png,24,4,2,0,0
2_823.png,13,3,13,0,0
2_824.png,23,4,3,0,0
2_825.png,28,2,14,0,0
2_826.png,21,10,6,0,0
2_827.png,10,23,17,0,0
2_828.png,22,1,11,0,0
2_829.png,23,1,8,0,0
2_83.png,11,0,4,0,0
2_830.png,34,0,4,0,0
2_831.png,1,10,12,0,0
2_832.png,1,15,21,0,0
2_833.png,13,8,8,0,0
2_834.png,24,1,0,0,0
2_835.png,42,0,1,0,0
2_836.png,42,2,1,0,0
2_837.png,24,1,2,0,0
2_838.png,43,1,0,0,0
2_839.png,48,0,0,0,0
2_84.png,14,0,3,0,0
2_840.png,36,0,1,0,0
2_841.png,24,0,1,0,0
2_842.png,31,0,1,0,0
2_843.png,24,0,0,0,0
2_844.png,21,0,4,0,0
2_845.png,16,0,10,0,0
2_846.png,11,1,6,0,0
2_847.png,19,1,7,0,0
2_848.png,17,0,0,0,0
2_849.png,14,0,0,0,0
2_85.png,17,0,1,0,0
2_850.png,17,0,1,0,0
2_851.png,18,0,0,0,0
2_852.png,19,0,1,0,0
2_853.png,21,0,0,0,0
2_854.png,10,5,9,0,0
2_855.png,11,5,2,0,0
2_856.png,22,0,0,0,0
2_857.png,7,0,2,0,7
2_858.png,1,0,0,0,42
2_859.png,1,0,9,0,0
2_86.png,7,1,0,0,0
2_860.png,0,30,7,0,0
2_861.png,18,0,3,0,3
2_862.png,20,0,0,0,0
2_863.png,27,0,3,0,0
2_864.png,22,0,11,0,0
2_865.png,29,0,8,0,0
2_866.png,53,0,3,0,0
2_867.png,25,1,6,0,0
2_868.png,30,0,1,0,0
2_869.png,15,0,2,0,0
2_87.png,13,0,1,0,0
2_870.png,16,1,7,0,0
2_871.png,19,0,6,0,0
2_872.png,27,0,6,0,0
2_873.png,29,0,4,0,0
2_874.png,34,4,0,0,0
2_875.png,14,1,7,0,0
2_876.png,22,1,7,0,0
2_877.png,24,0,4,0,0
2_878.png,36,0,3,0,0
2_879.png,44,1,1,0,0
2_88.png,6,4,4,0,0
2_880.png,26,1,3,0,0
2_881.png,43,0,3,0,0
2_882.png,10,0,8,0,0
2_883.png,25,0,3,0,0
2_884.png,33,0,0,0,0
2_885.png,47,31,4,0,0
2_886.png,111,0,0,0,0
2_887.png,111,1,0,0,0
2_888.png,28,40,65,0,0
2_889.png,10,67,87,0,0
2_89.png,11,1,7,0,0
2_890.png,0,94,1,0,0
2_891.png,0,97,2,0,0
2_892.png,0,102,1,0,0
2_893.png,0,94,2,0,0
2_894.png,0,108,2,0,0
2_895.png,0,0,23,0,0
2_896.png,1,0,30,0,0
2_897.png,1,2,17,0,0
2_898.png,8,3,15,0,0
2_899.png,41,0,1,0,0
2_9.png,10,0,1,0,0
2_90.png,11,0,13,0,0
2_900.png,31,1,0,0,0
2_901.png,26,0,3,0,0
2_902.png,50,0,0,0,0
2_903.png,40,0,0,0,0
2_904.png,41,0,0,0,0
2_905.png,45,0,2,0,0
2_906.png,42,0,0,0,0
2_907.png,43,0,1,0,0
2_908.png,46,0,0,0,0
2_909.png,51,0,1,0,0
2_91.png,0,1,8,0,8
2_910.png,49,0,0,0,0
2_911.png,42,1,0,0,0
2_912.png,49,0,0,0,0
2_913.png,45,0,0,0,0
2_914.png,48,0,0,0,0
2_915.png,43,0,0,0,0
2_916.png,40,0,0,0,0
2_917.png,46,0,0,0,0
2_918.png,0,0,3,0,0
2_919.png,0,0,10,0,0
2_92.png,0,0,9,0,23
2_920.png,0,0,2,0,0
2_921.png,0,0,4,0,0
2_922.png,0,0,7,0,0
2_923.png,0,0,9,0,0
2_924.png,0,0,2,0,0
2_925.png,0,0,5,0,0
2_926.png,0,0,3,0,0
2_927.png,0,0,4,0,0
2_928.png,0,0,3,0,0
2_929.png,50,1,1,27,0
2_93.png,0,3,7,0,14
2_930.png,44,0,33,16,0
2_931.png,58,0,8,19,0
2_932.png,32,0,30,23,0
2_933.png,15,0,14,40,0
2_934.png,25,0,13,39,0
2_935.png,28,0,6,44,0
2_936.png,28,0,19,21,0
2_937.png,4,0,9,40,0
2_938.png,10,7,27,35,0
2_939.png,24,4,12,37,0
2_94.png,0,0,4,0,17
2_940.png,33,0,8,34,0
2_941.png,27,0,19,25,0
2_942.png,10,4,12,58,0
2_943.png,64,3,11,4,0
2_944.png,11,0,11,0,0
2_945.png,20,0,8,0,0
2_946.png,34,0,0,0,0
2_947.png,28,0,0,0,0
2_948.png,20,0,0,0,0
2_949.png,3,0,7,0,0
2_95.png,0,0,5,0,25
2_950.png,7,1,20,0,0
2_951.png,19,0,11,0,0
2_952.png,17,0,8,0,0
2_953.png,12,1,5,0,0
2_954.png,28,0,0,0,0
2_955.png,26,0,5,0,0
2_956.png,44,0,1,0,0
2_957.png,10,4,35,0,0
2_958.png,21,10,29,0,0
2_959.png,50,11,8,0,0
2_96.png,0,1,1,0,32
2_960.png,42,1,0,0,0
2_961.png,34,1,0,0,0
2_962.png,48,0,0,0,0
2_963.png,58,11,11,0,0
2_964.png,27,6,40,0,0
2_965.png,36,11,20,0,0
2_966.png,33,17,3,9,0
2_967.png,28,0,3,0,0
2_968.png,28,0,0,0,0
2_969.png,23,0,17,0,0
2_97.png,0,0,9,0,29
2_970.png,38,0,8,1,0
2_971.png,38,1,9,1,0
2_972.png,59,1,1,0,0
2_973.png,27,0,0,5,0
2_974.png,43,3,0,0,0
2_975.png,47,4,0,0,0
2_976.png,31,1,2,2,0
2_977.png,33,0,0,0,0
2_978.png,25,0,1,3,0
2_979.png,39,4,1,3,0
2_98.png,0,1,3,0,29
2_980.png,44,4,0,3,0
2_981.png,44,2,0,0,0
2_982.png,36,0,0,0,0
2_983.png,33,0,0,18,0
2_984.png,48,1,0,0,0
2_985.png,40,0,1,7,0
2_986.png,39,0,0,4,0
2_987.png,48,3,1,3,0
2_988.png,37,0,0,11,0
2_989.png,41,1,0,0,0
2_99.png,0,0,5,0,49
2_990.png,31,0,0,3,0
2_991.png,35,3,0,0,0
2_992.png,53,0,1,5,0
2_993.png,41,0,0,7,0
2_994.png,12,0,0,31,0
2_995.png,25,3,0,11,0
2_996.png,32,1,1,0,0
2_997.png,24,0,0,16,0
2_998.png,40,5,0,1,0
2_999.png,46,0,0,0,0
